Date,Close,High,Low,Open,Volume
2021-01-04,125.63249969482422,129.70989788960378,123.05985224509121,129.62252856286995,143301900
2021-01-05,127.1857681274414,127.89446984433803,124.6810774289331,125.12765639008194,97664900
2021-01-06,122.90452575683594,127.2246340413711,122.6909464043688,123.99183545726343,155088000
2021-01-07,127.09842681884766,127.78770834669253,124.1277509770645,124.61315591365346,109578200
2021-01-08,128.19544982910156,128.75852134682515,126.42856870658443,128.56434751676753,105158200
2021-01-11,125.21504974365234,126.37031583011212,124.7490651654895,125.41892632912634,100384500
2021-01-12,125.04029846191406,125.90431854480057,123.1569251813032,124.74905257493837,91951100
2021-01-13,127.06929016113281,127.61294126201366,124.73935263924878,125.00146061142823,88636800
2021-01-14,125.14708709716797,127.1760758978846,125.00145674818756,126.9819169126251,90221800
2021-01-15,123.42875671386719,126.41885265934873,123.29284393513538,125.02088418474625,111598500
2021-01-19,124.09861755371094,124.95293491139884,123.23459743091543,124.05007410140924,90757300
2021-01-20,128.17601013183594,128.6225891348087,124.79759634893936,124.90438601399495,104319500
2021-01-21,132.87474060058594,135.59301116722563,129.69048544958548,129.89436203777117,120150900
2021-01-22,135.01052856445312,135.76775903778582,131.07874583699044,132.30196087543968,114459400
2021-01-25,138.74813842773438,140.8547939706266,132.55436700322258,138.89376878953092,157611700
2021-01-26,138.9811248779297,140.08784738058793,137.24336716103608,139.40828353042602,98390600
2021-01-27,137.9132843017578,140.08790431953457,136.3114535172109,139.243289435756,140843800
2021-01-28,133.0883026123047,137.84527918740616,132.7096874093382,135.4473779641581,142621100
2021-01-29,128.1080780029297,132.7485480341253,126.40916071663973,131.86510749004256,177523800
2021-02-01,130.22445678710938,131.42826655671627,127.10815007398598,129.84584146807433,106239800
2021-02-02,131.04962158203125,132.33108282824628,130.68070911395654,131.76801136085197,83305400
2021-02-03,130.0302734375,131.80685723730443,129.70990440998943,131.79713965825755,89880900
2021-02-04,133.37957763671875,133.38928040334213,130.66130683037125,132.32139835278772,84183100
2021-02-05,132.96632385253906,133.60801926205087,132.09129544721642,133.53996875011137,75693800
2021-02-08,133.11219787597656,133.1608138714623,131.1773940055882,132.25660382908822,71297200
2021-02-09,132.23715209960938,134.05528941674183,132.0816016865625,132.83023162868662,76774200
2021-02-10,131.63436889648438,133.18999187171354,130.6718255115653,132.69412944515517,73046600
2021-02-11,131.38157653808594,132.60661952451218,130.05930155973675,132.13020650092022,64280000
2021-02-12,131.61492919921875,131.77049447527503,129.98153830719173,130.6232339442829,60145100
2021-02-16,129.49539184570312,132.23715902657875,129.1064787039169,131.7315941955358,80576300
2021-02-17,127.2105712890625,128.55229564276027,125.87857903593999,127.6092016891494,97918500
2021-02-18,126.11192321777344,126.39387225132121,123.87572097237708,125.61606083959396,96856700
2021-02-19,126.2674789428711,127.08418911907316,125.22716781889845,126.62722545179416,87668800
2021-02-22,122.50482177734375,126.1216319880877,122.11591609767342,124.45906002205308,103916400
2021-02-23,122.36870574951172,123.1951256816812,115.10591870921408,120.32696020598745,158273000
2021-02-24,121.87286376953125,122.07703760379697,118.83941546871539,121.47424078389619,111039900
2021-02-25,117.6338119506836,122.95207880188819,117.19629763278513,121.2214560613868,148199500
2021-02-26,117.89630889892578,121.38672049171518,117.83796822554648,119.18940971098537,164560400
2021-03-01,124.24517059326172,124.38128647028813,119.38386807729292,120.31723727022785,116307900
2021-03-02,121.64924621582031,125.1493828138184,121.54229695879663,124.84798440825688,102260900
2021-03-03,118.67411804199219,122.22287046374831,118.46021953832745,121.34783450228308,112966300
2021-03-04,116.79764556884766,120.17139052818686,115.32953762534804,118.37271017337518,178155000
2021-03-05,118.0518798828125,118.5574595470923,114.30867806869652,117.62409026429847,153766600
2021-03-08,113.13223266601562,117.6435208042625,112.98639210708664,117.57546286579684,154376600
2021-03-09,117.73102569580078,118.67411961018901,115.4948308955723,115.72817134912674,129525800
2021-03-10,116.65181732177734,118.7810627593394,116.13651302909358,118.31438187621302,111943300
2021-03-11,118.57688903808594,119.79221465640565,117.89630965893046,119.14080190524842,103026500
2021-03-12,117.67269134521484,117.80880722667213,115.8545688924242,117.06016987865702,88105100
2021-03-15,120.55057525634766,120.56029993815383,117.07960562741921,118.04214884674406,92403800
2021-03-16,122.08673095703125,123.69096200631246,121.26031114914632,122.21312213121111,115227900
2021-03-17,121.29922485351562,122.36870994462072,118.94634875177347,120.60892077273179,111932600
2021-03-18,117.18656158447266,119.7630534964986,116.98238776140393,119.47137236768086,121229700
2021-03-19,116.66152954101562,118.06158696536845,116.36013117462356,116.57402966087285,185549500
2021-03-22,119.96722412109375,120.4339124312078,116.92405138540522,116.99210932461362,111912300
2021-03-23,119.14081573486328,120.7936558005327,118.75191000830584,119.9089025049303,95467100
2021-03-24,116.75875854492188,119.49081556265351,116.73931659895885,119.41303294328375,88530500
2021-03-25,117.2448959350586,118.28522184257633,115.69900522410137,116.22402681020739,98844700
2021-03-26,117.84770202636719,118.11021653249013,115.62122444554402,117.01155734823239,94071200
2021-03-29,118.02268981933594,119.17968207349621,117.38100181008681,118.27547960128655,80819200
2021-03-30,116.57402801513672,117.06015823420087,115.56287626935224,116.77820181701264,85671900
2021-03-31,118.7616195678711,120.09361168317854,117.78935908416811,118.27548932601961,118323800
2021-04-01,119.58805084228516,120.73531861862071,119.0921958715762,120.22974638293907,75089100
2021-04-05,122.40760040283203,122.6603902138714,119.65610136330406,120.433912742921,88651200
2021-04-06,122.70899963378906,123.60347753407522,122.16453611496429,122.99095607539735,80171300
2021-04-07,124.35210418701172,124.37154613081405,121.66866345905004,122.33952549547996,83466700
2021-04-08,126.7438735961914,126.77304022302052,124.95491791825974,125.37298279315496,88844600
2021-04-09,129.3106231689453,129.34950705430177,125.8785454100243,126.19939309739704,106686700
2021-04-12,127.59947204589844,129.16481202818863,127.0063925535893,128.84396428623276,91420000
2021-04-13,130.70098876953125,130.9246193949784,128.27033720569543,128.7661996194506,91266500
2021-04-14,128.3675537109375,131.25516860713591,128.00782207026887,131.19683535032675,87222800
2021-04-15,130.76898193359375,131.25511197795655,129.93283766386926,130.1078521943059,89347100
2021-04-16,130.43849182128906,130.93433940993674,129.5828977054859,130.57460771830137,84922400
2021-04-19,131.09957885742188,131.71210761044756,129.64118836775324,129.80647084298718,94264200
2021-04-20,129.4176025390625,131.7704712922572,128.15366085563892,131.27462375202614,94812300
2021-04-21,129.79678344726562,130.03984858480732,127.65781320400242,128.68840701349623,68847100
2021-04-22,128.28005981445312,130.42874732999832,127.7647629078915,129.3495375220918,84566500
2021-04-23,130.59402465820312,131.37182111341806,128.49393862388337,128.49393862388337,78657500
2021-04-26,130.98292541503906,131.31349039844014,129.85509976347652,131.08987465502372,66905100
2021-04-27,130.662109375,131.65381940116677,130.38987757731036,131.26490623623846,66015800
2021-04-28,129.87457275390625,131.2746303918658,129.38844245381026,130.58431883810096,107760100
2021-04-29,129.77734375,133.2677706601101,128.775916495569,132.68440835234537,151101000
2021-04-30,127.81338500976562,129.855123368552,127.4342039691682,128.12450068731047,109839500
2021-05-03,128.86338806152344,130.35096013574108,128.17309147912826,128.3772578570978,75135100
2021-05-04,124.30349731445312,127.84253218435018,123.18539631101322,127.55085108162373,137564700
2021-05-05,124.54660034179688,126.8314040623254,124.42020170471136,125.61607819964402,84000900
2021-05-06,126.1410903930664,126.15080765787947,123.60348232032891,124.34240242288911,78128300
2021-05-07,126.81310272216797,127.83569855183693,126.10213618024181,127.43640587981206,78973300
2021-05-10,123.54073333740234,126.16055151436144,123.50177596650869,126.03395306208488,88071200
2021-05-11,122.62525939941406,122.97586087179818,119.5671689854115,120.27812799107281,126142800
2021-05-12,119.56716918945312,121.38838724678817,119.06073823482639,120.18073848547931,112172300
2021-05-13,121.70978546142578,122.85900193405529,121.01830882379365,121.32996037075966,105861300
2021-05-14,124.12508392333984,124.55360758966998,122.5668261780835,122.95639247198734,81918000
2021-05-17,122.97586059570312,123.61864605940792,121.9045589198871,123.51151514879045,74244600
2021-05-18,121.59290313720703,123.67707407576847,121.5247295992301,123.25829164809352,63342900
2021-05-19,121.43708801269531,121.66108360866002,119.65482729355216,119.94700386173781,92612000
2021-05-20,123.98872375488281,124.3880312073582,121.83637931031465,121.96299261493283,76857100
2021-05-21,122.15776824951172,124.66072150118845,121.94350644557427,124.48541706436308,79295400
2021-05-24,123.78421783447266,124.60230780549196,122.65448374065255,122.72265728570756,63092900
2021-05-25,123.58943939208984,124.97240013629873,123.02456862546644,124.48543668582127,72009500
2021-05-26,123.54073333740234,124.06664669892854,123.12195088824402,123.64786424977021,56575900
2021-05-27,122.01170349121094,124.3101365812093,121.81692404847594,123.1414450640804,94625600
2021-05-28,121.3591537475586,122.51811120313376,121.30072141546492,122.29410821284534,71311100
2021-06-01,121.03776550292969,122.07985090220888,120.70663903510166,121.81689796777825,67637100
2021-06-02,121.79744720458984,121.97275168319568,120.81380131441908,121.03779694075112,59278900
2021-06-03,120.31707763671875,121.59289985456873,119.91777018909227,121.4273366140028,76229200
2021-06-04,122.60577392578125,122.86873431142617,120.61899267015994,120.83325448650514,75169300
2021-06-07,122.61552429199219,123.02456555539773,121.5734387321586,122.87847726693603,71057600
2021-06-08,123.43359375,125.10873085926178,122.91742162506401,123.2972466766342,74403800
2021-06-09,123.81343078613281,124.41725890545642,123.21934386738059,123.89134552998598,56877900
2021-06-10,122.82003784179688,124.84577650141729,122.65447459192099,123.70629386140669,71186400
2021-06-11,124.0277099609375,124.1153659176201,122.81031978183454,123.22910230066036,53522400
2021-06-14,127.0760498046875,127.13448215442439,123.75501332495071,124.48544741810112,96906500
2021-06-15,126.2579345703125,127.19289650672997,126.0144566021608,126.5501111042377,62746300
2021-06-16,126.75462341308594,127.47532354376922,125.10872484257997,126.96888521245891,91815000
2021-06-17,128.3518524169922,129.0920350275276,126.26768138864819,126.41377710106734,96721700
2021-06-18,127.05654907226562,128.0791446469785,126.84228727205331,127.30002703971456,108953300
2021-06-21,128.84857177734375,128.955702701089,125.83918700220758,126.90074760795298,79663300
2021-06-22,130.48471069335938,130.5821078265205,128.18627804148716,128.68298261560656,74783600
2021-06-23,130.21202087402344,130.81585637036997,129.75428108226635,130.28020184164183,60214200
2021-06-24,129.92959594726562,131.12750347675475,129.46210751467535,130.94245782977737,68711000
2021-06-25,129.637451171875,130.3971014851615,129.34527454506005,129.97832637994586,70783700
2021-06-28,131.2638702392578,131.72161011019884,129.87118308436172,129.929615432019,62111300
2021-06-29,132.77340698242188,132.9292364481491,130.84506564137368,131.28332301060522,64556100
2021-06-30,133.386962890625,133.8252202160753,132.32538776453424,132.61756426840589,63261400
2021-07-01,133.68893432617188,133.74736668153665,132.21831736612697,133.0364149233969,52485800
2021-07-02,136.30874633789062,136.34769628382654,134.15639402212219,134.30247489528134,78852600
2021-07-06,138.31497192382812,139.41548226335163,136.4158466947496,136.4158466947496,108181800
2021-07-07,140.7984619140625,141.11010601971827,138.93828646790567,139.7953189039971,104911600
2021-07-08,139.503173828125,140.30177401839643,137.00021261100082,137.88647618396286,105575500
2021-07-09,141.32437133789062,141.85027728075062,138.92854127199598,139.02593841657492,99890800
2021-07-12,140.73023986816406,142.50276628545902,140.24328402086937,142.39563540462566,76299700
2021-07-13,141.84051513671875,143.61304176059716,139.8829577523025,140.2725165312551,100827100
2021-07-14,145.2589569091797,145.66801299296932,143.8273051980656,144.23636128185524,127050800
2021-07-15,144.60647583007812,146.08682649960923,143.2527384989439,145.3466585952039,106820300
2021-07-16,142.57095336914062,145.85303150774294,142.07426368162248,144.5869580069263,93251400
2021-07-19,138.73373413085938,140.3114813657128,137.97408410918416,139.9998224538897,121434600
2021-07-20,142.33721923828125,143.26244743833868,139.23045273850917,139.717408691922,96350000
2021-07-21,141.60679626464844,142.31776271135624,140.85689473808662,141.7334095777614,74993500
2021-07-22,142.97030639648438,144.3337774603304,142.00612801944465,142.1327413542018,77338200
2021-07-23,144.6843719482422,144.8402014430063,143.0871567787064,143.700726126391,71447400
2021-07-26,145.1031494140625,145.92123190033908,143.84679465375743,144.40193160847764,72434100
2021-07-27,142.94105529785156,145.3174027377309,141.7528815779119,145.22973937162135,104818600
2021-07-28,141.19776916503906,143.13585955365372,138.82142131266863,141.03220589476328,118931200
2021-07-29,141.84051513671875,142.72677844865797,140.80817099785102,140.91530189117023,56699500
2021-07-30,142.05477905273438,142.51251879825827,140.35043336301797,140.61339371614585,70440600
2021-08-02,141.72366333007812,143.11635020883497,141.4607029570404,142.5417457565108,62880000
2021-08-03,143.51564025878906,144.1778931349551,141.3925048543154,142.00607403013316,64786600
2021-08-04,143.11636352539062,143.9344460279435,142.4638442773508,143.42802249439222,56368300
2021-08-05,143.2235107421875,143.98316098970645,142.35672956946877,143.14559599106772,46397700
2021-08-06,142.54074096679688,143.48685218422662,142.0433070322341,142.74557545925379,54126800
2021-08-09,142.49195861816406,143.08693557693016,141.93600483737242,142.59925003312128,48908700
2021-08-10,142.01405334472656,144.0720871817776,141.7214390067462,142.83336158468475,69023100
2021-08-11,142.2676239013672,143.10644361120174,141.94574966449076,142.45294678468827,48493500
2021-08-12,145.22300720214844,145.37907015513477,142.24812227389452,142.58950812317931,72282600
2021-08-13,145.4278106689453,145.75943321107025,144.6182510163609,145.3010076863179,59375000
2021-08-16,147.39804077148438,147.46632387605632,142.86257218964874,144.88158214673783,103296000
2021-08-17,146.4910125732422,147.94430623200614,145.41809822926902,146.53002087530285,92229700
2021-08-18,142.7553253173828,147.00794422226895,142.55049082276733,146.1106045300614,86326000
2021-08-19,143.0869140625,144.35489926234624,140.94110096897992,141.45804637705135,86960300
2021-08-20,144.5402374267578,144.84260006919433,143.1649606824682,143.80870914358007,60549600
2021-08-23,146.02279663085938,146.49097053616202,144.2476142953258,144.65726832283815,60131800
2021-08-24,145.93504333496094,147.14450905669656,145.47661765156835,145.76923200651873,48606400
2021-08-25,144.70606994628906,146.61780402195117,144.15986446266652,146.12035519130814,58991300
2021-08-26,143.90623474121094,145.44732274946605,143.8769748010463,144.6962977745989,48597200
2021-08-27,144.94015502929688,145.08645474475415,143.21374397198983,143.84772924961433,55802400
2021-08-30,149.3488311767578,149.70972863585897,144.94991248756867,145.33030665463397,90956700
2021-08-31,148.09060668945312,149.03671791602926,147.5638979226051,148.90016654739884,86453100
2021-09-01,148.75384521484375,151.1630130890743,148.58803390921838,149.06597111930256,80313700
2021-09-02,149.8657989501953,150.90945341746877,148.64658478729757,150.08038183350413,71115500
2021-09-03,150.499755859375,150.82163009154993,149.31955034140017,149.9730471583683,57808700
2021-09-07,152.83091735839844,153.3868712092461,150.58756059759483,151.1532776856572,82278300
2021-09-08,151.28982543945312,153.1722846868866,150.1876512353804,153.11376479693286,74420200
2021-09-09,150.27545166015625,152.2652024090621,150.15839699282031,151.6604770125975,57305700
2021-09-10,145.30104064941406,151.65070144497142,145.03768627305047,151.1825274626448,140893200
2021-09-13,145.8667449951172,147.69068411470718,145.0864451705449,146.9201475258426,102404300
2021-09-14,144.47198486328125,147.34934195867896,143.29179398463287,146.6470734676716,109296300
2021-09-15,145.35952758789062,145.75943323857632,142.76503735858526,144.90110206305175,83281300
2021-09-16,145.1254425048828,145.30101702156867,143.5941177955223,144.7840715894616,68034100
2021-09-17,142.4626922607422,145.15472586644688,142.17007797103764,145.15472586644688,129868800
2021-09-20,139.41954040527344,141.272739448902,137.79067253613061,140.25836010441694,123478900
2021-09-21,139.8974609375,141.03865814980705,139.2634757155347,140.38514645685206,75834000
2021-09-22,142.2578887939453,142.82359096635926,140.16083188261564,140.89236024826914,76404300
2021-09-23,143.21376037597656,143.45760318499043,142.05306622379317,143.03818581433492,64838200
2021-09-24,143.30152893066406,143.83798604484667,141.97502355876833,142.07256662788618,53477900
2021-09-27,141.7897186279297,142.36519899589,140.27790504587242,141.88726170941032,74150700
2021-09-28,138.4149169921875,141.18496735666514,138.2003341585889,139.7219107001194,108972300
2021-09-29,139.31227111816406,140.89236770909372,138.53197117688373,138.9611368887371,74602000
2021-09-30,138.0150146484375,140.82408826037346,137.80043180958225,140.12181985738948,89056700
2021-10-01,139.1366729736328,139.40002732180153,135.68386603878685,138.40514469326044,94639600
2021-10-04,135.71315002441406,138.70754679310303,134.8645818313905,138.26861784072736,98322000
2021-10-05,137.6345977783203,138.73677173382114,135.92769858570284,136.0545015739937,80861100
2021-10-06,138.502685546875,138.6489852474294,134.96208396365105,136.03499804431914,83221100
2021-10-07,139.7609100341797,140.66801284222436,139.2049562794912,139.53657886179528,61732700
2021-10-08,139.38050842285156,140.6289820985626,139.04888585839274,140.48268240335435,58773200
2021-10-11,139.29273986816406,141.24348200456123,138.31736879996546,138.76604603984862,64452200
2021-10-12,138.02474975585938,139.72190071402855,137.56632417893402,139.70238912610083,73035900
2021-10-13,137.4395294189453,137.91745167770748,135.7716384818284,137.7614036307742,78762700
2021-10-14,140.21932983398438,140.33638447460456,138.02474508035556,138.6099736345154,69907100
2021-10-15,141.2727508544922,141.3312707409973,139.97550546602724,140.22911148485912,67940300
2021-10-18,142.9406280517578,143.22347910319027,139.63412084083484,139.91697189226727,85589200
2021-10-19,145.0962371826172,145.49614300945177,142.94067482594585,143.38933731406476,76378900
2021-10-20,145.58389282226562,146.0618300447265,144.47197030405582,145.03768735830047,58418800
2021-10-21,145.79849243164062,145.95455540585698,144.22814410067642,145.14499547046705,61421000
2021-10-22,145.02793884277344,146.481232332848,144.97916730862042,146.0033099939033,58883400
2021-10-25,144.9791717529297,145.69118854784608,143.98428898104416,145.0181800516583,50720600
2021-10-26,145.64242553710938,147.12497895180522,145.34004798248478,145.6521738906202,60893400
2021-10-27,145.18402099609375,146.0423376021523,144.83288673993832,145.68145499107032,56094900
2021-10-28,148.8123779296875,149.39759166799496,146.03256430303534,146.1301073675776,100077900
2021-10-29,146.11058044433594,146.24713179057537,142.80407331191392,143.59412144965486,124953200
2021-11-01,145.29132080078125,146.01308606451772,144.15988647877995,145.32058075023082,74588300
2021-11-02,146.32518005371094,147.8370082711022,144.98891149464504,144.9986747309846,69122000
2021-11-03,147.75897216796875,148.22714612515688,146.1301042293714,146.68605801297326,54511500
2021-11-04,147.24203491210938,148.6758168059769,146.92990900121129,147.84676026074618,60394600
2021-11-05,147.76950073242188,148.66815006608644,146.57781000839395,148.36534609443586,65463900
2021-11-08,146.94900512695312,148.0527879681065,146.67550378830177,147.89649723038997,55020900
2021-11-09,147.31039428710938,147.91600218212633,146.57779832196186,146.71454897260128,56787900
2021-11-10,144.4874725341797,146.64619541359409,144.41910465453822,146.53874739869644,65187100
2021-11-11,144.4386444091797,145.96244193460964,144.25305100972494,145.50336208425588,41000000
2021-11-12,146.5094757080078,146.90995029842682,144.05771091491658,144.98566310982142,63804000
2021-11-15,146.51922607421875,148.35560514385503,145.96244586087764,146.88063539569578,59222800
2021-11-16,147.49600219726562,147.97463697406297,145.87451939068316,146.4606021824879,59256200
2021-11-17,149.92823791503906,151.40319268452978,147.48625093625634,147.4960135184774,88807000
2021-11-18,154.2065887451172,154.9880275581461,149.49844560723523,150.14313374583702,137827700
2021-11-19,156.82440185546875,157.2834965855034,152.897682743032,153.99168810581827,117305600
2021-11-22,157.28346252441406,161.85485386154411,157.26392246010866,157.92813559947206,117467900
2021-11-23,157.66441345214844,158.0453627342285,155.36894027506222,157.3811346832133,96041900
2021-11-24,158.18214416503906,158.37750013405517,155.9355132595911,157.01975602804134,69463600
2021-11-26,153.17117309570312,156.72670517440085,152.7316184657377,155.8671359816053,76959800
2021-11-29,156.52157592773438,157.44952783966656,155.10521179906075,155.67175446958956,88748200
2021-11-30,161.46414184570312,161.67903783874624,156.20898240534294,156.27736517799391,174048100
2021-12-01,160.9464569091797,166.34813007275002,160.71202083002768,163.59356203535145,152052500
2021-12-02,159.95986938476562,160.38966136948252,154.13818224096923,155.05637149837315,136739200
2021-12-03,158.0844268798828,161.1320360204304,156.01362719703414,160.21384675586103,118023100
2021-12-06,161.4836883544922,163.98428011365826,160.46781363689186,160.47757621707362,107497000
2021-12-07,167.2077178955078,167.5984447377344,164.43362438687151,165.15645786646198,120405400
2021-12-08,171.01722717285156,171.8768113251432,166.73886138447926,168.13568563195315,116998900
2021-12-09,170.50927734375,172.6484600825667,169.8841293433167,170.85116144440897,108923700
2021-12-10,175.2857666015625,175.46159735855395,170.6362302385688,171.14416754190958,115402700
2021-12-13,171.66189575195312,177.9036129181879,171.45676231906222,176.91704079075095,153237000
2021-12-14,170.2845916748047,173.61546458889217,168.21379204713816,171.18324085105056,139380400
2021-12-15,175.13926696777344,175.33462289814014,168.31146765189683,171.04649539113694,131063300
2021-12-16,168.26263427734375,176.9365751900634,166.78767978084602,175.11973661793166,150185800
2021-12-17,167.1686553955078,169.44458898529163,165.75230596796482,165.98672717242667,195432700
2021-12-20,165.8109130859375,166.6216545378973,163.5740596088574,164.37502357405398,107499100
2021-12-21,168.9757080078125,169.1808265329912,165.1955026634982,167.57888393978646,91185900
2021-12-22,171.56423950195312,171.77913555211592,168.15522025592128,169.02456703895956,92135300
2021-12-23,172.1893768310547,172.7461569911751,171.2028195021509,171.76936224404878,68356600
2021-12-27,176.14537048339844,176.23327841950962,172.96102548062714,172.9805506410723,74919600
2021-12-28,175.1294708251953,177.12213985486545,174.38711240701065,175.97929213404015,79144300
2021-12-29,175.21742248535156,176.43841575185178,174.0061917992903,175.16857977375096,62348900
2021-12-30,174.06480407714844,176.3798175385403,173.95735606919604,175.30533745901636,59773000
2021-12-31,173.44944763183594,175.07091555859822,173.14662874511,173.9573701608435,64062300
2022-01-03,177.78636169433594,178.63618304508262,173.58615726537937,173.70336783595081,104487900
2022-01-04,175.5299835205078,178.69480333397306,174.96344087400894,178.39199939810527,99310400
2022-01-05,170.8609161376953,175.9890879826122,170.587414831676,175.4420853705736,94537600
2022-01-06,168.00869750976562,171.23212317548703,167.65705080251047,168.69245085589924,96904000
2022-01-07,168.1747589111328,170.09904585932276,167.06121343542898,168.8780523594411,86709100
2022-01-10,168.19427490234375,168.4970788622131,164.2675561955421,165.1564429133354,106765600
2022-01-11,171.01722717285156,171.1148977053451,166.85608689005863,168.3212790198075,76138300
2022-01-12,171.45675659179688,173.06846173538992,170.7632407657719,172.0330618342014,74805200
2022-01-13,168.19427490234375,172.52146809219963,167.80354809549323,171.70096415486904,84505800
2022-01-14,169.05384826660156,169.7473640846977,167.1197842307582,167.36398288031089,80440800
2022-01-18,165.85975646972656,168.5361646254104,165.4788071020713,167.53006719532837,90956700
2022-01-19,162.37255859375,167.11001826086033,162.08929472408371,166.0550783276264,94815000
2022-01-20,160.6924591064453,165.74248492301732,160.37011513031928,163.10514273299674,91420500
2022-01-21,158.6411895751953,162.4702220155114,158.5337415899316,160.60454104625038,122848900
2022-01-24,157.8695068359375,158.53373478123166,151.11009134749582,156.30664473205084,162294600
2022-01-25,156.072265625,158.98310983768695,153.3763174519784,155.29082683573563,115798400
2022-01-26,155.98435974121094,160.57529219502064,154.15775828454986,159.70594544292626,108275300
2022-01-27,155.5252227783203,160.0380086364196,154.60703355591713,158.68026486629398,121954600
2022-01-28,166.37741088867188,166.39695095221313,159.02214941138433,161.8646250162313,179935700
2022-01-31,170.72413635253906,170.9390323284137,165.5764253199615,166.2113506685732,115541600
2022-02-01,170.55813598632812,170.7827946109015,168.3115050264779,169.9720531603827,86213900
2022-02-02,171.75955200195312,171.79863213102016,169.30780301992357,170.69484950775998,84914300
2022-02-03,168.88778686523438,172.15029228212393,168.12588824034546,170.43112418107953,89418100
2022-02-04,168.60418701171875,170.27664070855118,166.93173331488632,167.90977257243412,82465400
2022-02-07,167.8902130126953,170.1299162190593,167.19579861278513,169.0638570704662,77251200
2022-02-08,170.9906005859375,171.499185164809,167.66525824555538,167.9586729996618,74829200
2022-02-09,172.40875244140625,172.77062217708496,171.05905354274313,172.1838075995271,71285000
2022-02-10,168.34010314941406,171.6263154743887,167.78262856301606,170.31574652168356,90865900
2022-02-11,164.93655395507812,169.2790510191681,164.3497243806945,168.54552151303656,98670700
2022-02-14,165.1712646484375,165.8558891027738,162.9022065441299,163.69441590726865,86185500
2022-02-15,168.99539184570312,169.15188170406051,166.51117876998032,167.21536820889426,62527400
2022-02-16,168.76065063476562,169.53329496166765,166.31555287107355,168.0760262456703,61177400
2022-02-17,165.1712646484375,168.1347222265384,164.7702649952927,167.27404295611913,69589300
2022-02-18,163.62594604492188,166.7947832093295,162.54032203615824,166.09060878011084,82772700
2022-02-22,160.7113800048828,163.02932772220805,158.58902218443671,161.35687442039574,91162800
2022-02-23,156.5547637939453,162.50122982841887,156.24178404281724,161.904625236065,90009200
2022-02-24,159.16610717773438,159.27369208830245,148.66196063900136,149.22922517438823,141147500
2022-02-25,161.22975158691406,161.4938113988268,157.3371452242796,160.24192254485857,91974200
2022-02-28,161.4938201904297,161.78723492110947,158.86289248069977,159.479061922758,95056600
2022-03-01,159.615966796875,162.94130845487337,158.4129829679633,161.08302534266187,83474400
2022-03-02,162.90220642089844,163.68464076398826,159.37148431939156,160.77986315221446,79724800
2022-03-03,162.5794219970703,165.2005743290728,161.9143626273284,164.77023477279693,76678400
2022-03-04,159.58663940429688,161.91437725608384,158.54014531943216,160.87765818976635,83737200
2022-03-07,155.80162048339844,161.39600492959968,155.54732078440395,159.7724565579089,96418800
2022-03-08,153.9824676513672,159.30300237550088,152.37848423515257,155.33216629168248,131148300
2022-03-09,159.3714599609375,159.82136448965088,155.9092082958325,157.93374136581392,91454900
2022-03-10,155.03878784179688,156.86771648439594,152.5545597614365,156.68188663700346,105342000
2022-03-11,151.33200073242188,155.78208206231224,151.10705589580672,155.4397623739769,96970100
2022-03-14,147.31222534179688,150.73536174739257,146.80365582087973,148.12399948025242,108732100
2022-03-15,151.68408203125,152.1535515492418,147.0775261791108,147.58609577139651,92964300
2022-03-16,156.08526611328125,156.48626575095446,151.06793536575267,153.60105321090987,102300200
2022-03-17,157.09263610839844,157.4642957434988,154.16830873861088,155.12678288189394,75615400
2022-03-18,160.37881469726562,160.86783414742996,156.25148934398342,156.98501851922993,123511700
2022-03-21,161.7481231689453,162.69682236043158,159.4301601813594,159.9191797677464,95811400
2022-03-22,165.11257934570312,165.6993938917205,161.28844262082922,161.87525716684658,81532000
2022-03-23,166.47206115722656,168.8486892835288,163.9682682338466,164.3008129085659,98062700
2022-03-24,170.24729919433594,170.31575418142768,166.47206709718986,167.30339150441574,90131400
2022-03-25,170.88302612304688,171.4307257382337,168.95628752581777,170.06147670026667,80546200
2022-03-28,171.7436981201172,171.87083307439428,168.22275085370143,168.38901573521346,90371900
2022-03-29,175.02989196777344,175.0787819860724,172.46741925958432,172.8097389298353,100589400
2022-03-30,173.86599731445312,175.6655854938626,172.8194884204446,174.62886654102215,92633200
2022-03-31,170.77545166015625,174.12034444944086,170.57005683003788,173.9345145849757,103049300
2022-04-01,170.4820098876953,171.0394993928561,168.1640617684755,170.20816010667752,78751300
2022-04-04,174.52133178710938,174.57023673592576,170.60917466091976,170.73632454310336,76468400
2022-04-05,171.2155303955078,174.38438259894033,170.58958593943765,173.60194829792937,73401800
2022-04-06,168.05650329589844,169.8169771105806,166.39383938569154,168.57486295748595,89058800
2022-04-07,168.35964965820312,169.55285855113002,166.11994669119974,167.4011755212215,77594700
2022-04-08,166.3546600341797,168.0075484323814,165.48420586824818,168.0075484323814,76575500
2022-04-11,162.1099853515625,165.31795249524248,161.8654755697351,165.00498773482366,72246700
2022-04-12,163.97804260253906,166.13950070260202,162.9804385205217,164.33013728303388,79265200
2022-04-13,166.6578826904297,167.28382721520924,163.10761035124472,163.71398991233582,70618900
2022-04-14,161.66009521484375,167.50878046321276,161.4155854111937,166.87304601950618,75329400
2022-04-18,161.4449005126953,162.94129894819648,159.97784205250275,160.3201467390001,69023900
2022-04-19,163.72373962402344,164.13452917950872,160.31039271090148,161.3960167105301,67723800
2022-04-20,163.5574951171875,165.17126878968486,162.45232094308298,165.05389393478876,67929800
2022-04-21,162.76528930664062,167.76307044383682,162.26649466439048,165.2006123983915,87227800
2022-04-22,158.23692321777344,164.18340212764667,157.95329847424364,162.80437847987656,84882400
2022-04-25,159.30299377441406,159.58661851207708,154.9800632753819,157.58163561913904,96046400
2022-04-26,153.35653686523438,158.77486701882205,153.2782919448604,158.68684707978605,95623200
2022-04-27,153.131591796875,156.28086402556207,151.96772285920957,152.48608239761126,88063200
2022-04-28,160.04632568359375,160.9070049099631,155.43975472715812,155.7527344180899,130216800
2022-04-29,154.18789672851562,162.55013611076737,153.79668696009873,158.2858839707605,131747600
2022-05-02,154.49105834960938,154.75511815394006,149.9040527150275,153.26850950984627,123055300
2022-05-03,155.9776611328125,157.18065989099466,152.88706912402677,154.67686742533908,88966500
2022-05-04,162.3740692138672,162.82395888042848,155.76251479077115,156.1635144371754,108256500
2022-05-05,153.3271942138672,160.47665766238154,151.5471558846843,160.25171284753384,130525300
2022-05-06,154.0519561767578,156.16762754043734,151.01557514857248,152.80801769733304,116124600
2022-05-09,148.9391326904297,152.63176175523802,148.38083908771665,151.75022430191655,131577900
2022-05-10,151.33885192871094,153.52309446613708,149.79127784510368,152.328132388233,115366700
2022-05-11,143.49325561523438,152.25956414663153,142.81741468212965,150.3495886480442,142689800
2022-05-12,139.63409423828125,143.19938623116693,135.95126990961808,139.83979077150929,182602000
2022-05-13,144.0907440185547,145.0604308345469,140.17283922837782,141.62245981596948,113990900
2022-05-16,142.55296325683594,144.4923369438145,141.22087499257742,142.56276758428663,86643800
2022-05-17,146.17701721191406,146.69613834453236,143.66954586445135,145.80481151470883,78336300
2022-05-18,137.9298553466797,144.33562356857507,137.02872402723415,143.83609605190958,109742900
2022-05-19,134.53106689453125,138.75260707730666,133.7964597180681,137.00914057415054,136095600
2022-05-20,134.76609802246094,137.8122689524701,129.88831177177445,136.2353120090451,137426100
2022-05-23,140.1728515625,140.31976702681078,134.82490447725766,134.96203055915507,117726300
2022-05-24,137.479248046875,139.0562049598391,134.51143704695141,137.92000924521287,104132700
2022-05-25,137.63600158691406,138.87992561613757,135.50073567160547,135.5888849437953,92482700
2022-05-26,140.8290557861328,141.37755994588284,134.32533585009304,134.57020484609697,90601500
2022-05-27,146.56881713867188,146.6079896103765,142.27870662441157,142.4060433122878,90978500
2022-05-31,145.7852325439453,147.56788638378129,143.82628016379354,146.01052282850958,103718400
2022-06-01,145.6578826904297,148.62569377792533,144.64900865939228,146.823446577346,74286600
2022-06-02,148.10658264160156,148.16534881431244,143.84585577263883,144.7959487531145,72348100
2022-06-03,142.39625549316406,144.93309527765794,141.49513917786348,143.88504856420633,88570300
2022-06-06,143.14064025878906,145.52077501341512,141.92608448379778,144.01237341190438,71598400
2022-06-07,145.6578826904297,145.94192415465892,141.1424977278199,141.38736672807937,67808200
2022-06-08,144.92330932617188,146.7940975636926,144.43357121198528,145.53057980516448,53950200
2022-06-09,139.7124786376953,144.91349464755012,139.60473566244548,144.06135517233236,69473000
2022-06-10,134.31553649902344,137.87102389401954,134.24696601133667,137.40087964136862,91437900
2022-06-13,129.17332458496094,132.4251777606438,128.7423526705115,130.14299644685158,122207100
2022-06-14,130.0352783203125,131.14209140798755,128.78154975446083,130.39769474252046,84784300
2022-06-15,132.65042114257812,134.52122379977993,129.44754553707168,131.5338191539686,91533000
2022-06-16,127.39066314697266,129.6728443246095,126.39159330904647,129.36920911544067,108123900
2022-06-17,128.85987854003906,130.34868645706888,127.14579529566508,127.40046865716874,134520300
2022-06-21,133.08143615722656,134.24701531100777,130.58378362269173,130.68172228241795,81000500
2022-06-22,132.57212829589844,134.93265491125933,131.1616799782049,132.02360899242208,73409200
2022-06-23,135.43214416503906,135.74556869818326,132.8463282477274,134.01190702274286,72433800
2022-06-24,138.75259399414062,138.99746302987265,136.90138468183136,137.0287064173905,89116800
2022-06-27,138.75259399414062,140.5450371291734,138.0767530642211,139.7712426067131,70207900
2022-06-28,134.61923217773438,140.47649657650823,134.50169979812208,139.2129786588069,67083400
2022-06-29,136.3724365234375,137.78288432606877,133.86498040570075,134.63877479951915,66242400
2022-06-30,133.91395568847656,135.53008505921423,131.02450456880948,134.4330767564404,98964500
2022-07-01,136.07862854003906,136.1863715256026,132.87575195629162,133.24794276909347,71051600
2022-07-05,138.65464782714844,138.70362462604172,134.11966825992553,134.94243962271915,73353800
2022-07-06,139.98675537109375,141.16212397864905,138.1845225098008,138.44898530382812,74064300
2022-07-07,143.3463134765625,143.5422056804672,140.33931508968487,140.3491044689141,66253700
2022-07-08,144.02215576171875,144.52169812610057,142.02403114104803,142.2786895406023,64547800
2022-07-11,141.89669799804688,143.63037488194183,140.82907263468897,142.6802818681296,63141600
2022-07-12,142.8663787841797,145.40321819395862,142.07300556646354,142.768425199881,77588800
2022-07-13,142.5039825439453,143.44427122627144,139.2031379384123,140.0552923046931,71185600
2022-07-14,145.42283630371094,145.89298070687983,140.30996921418316,141.1229362743088,78140700
2022-07-15,147.0879364013672,147.76377735798872,145.1583671279135,146.7059412883577,76259900
2022-07-18,144.05154418945312,148.4591862413332,143.6891279021673,147.64621935829007,81420900
2022-07-19,147.90090942382812,148.1261847699647,143.89485526545627,144.88412086859606,82982400
2022-07-20,149.8990020751953,150.5650535340759,147.2838029205586,148.0184099284549,64823400
2022-07-21,152.16168212890625,152.3771681572125,148.82166363578466,151.32912111539338,65086600
2022-07-22,150.92747497558594,153.07253011561605,150.2614383736218,152.20079694797485,66675400
2022-07-25,149.81088256835938,151.85798424989775,149.1546353044719,150.849124954379,53623900
2022-07-26,148.4885711669922,149.9479808770686,147.70498735893062,149.1350139839463,55138700
2022-07-27,153.5720672607422,154.10099277980115,149.0371026048061,149.4484808165071,78620700
2022-07-28,154.1205596923828,154.4046011657363,151.24089776552904,153.75814339733685,81378700
2022-07-29,159.1746826171875,160.27170619819887,156.226464436767,157.93075852013737,101786900
2022-08-01,158.1952362060547,160.2325490174225,157.58796558909035,157.7054979805997,67829400
2022-08-02,156.7259979248047,159.076750020311,156.35380709254014,156.81416215078264,59907000
2022-08-03,162.72036743164062,163.1709180629882,157.45078129075776,157.53893055181024,82507500
2022-08-04,162.40692138671875,163.7586031177134,161.0552396557241,162.60281360750764,55474100
2022-08-05,162.18136596679688,162.67178435198056,159.876393569881,160.08237587686597,56697000
2022-08-08,161.71051025390625,164.59417198149717,161.05335158963675,163.18176501562593,60276900
2022-08-09,161.75958251953125,162.6423445061743,160.1215870695177,160.8768354992681,63135500
2022-08-10,165.996826171875,166.0949008724902,163.70165667502752,164.4667081851827,70170500
2022-08-11,165.26116943359375,167.713261012407,164.9669154508603,166.80107516257124,57149200
2022-08-12,168.80201721191406,168.87066800455992,166.15374591104305,166.56571053244468,68039400
2022-08-15,169.87112426757812,170.06728863023804,168.0663881848966,168.2331286414766,54091700
2022-08-16,169.7141571044922,170.38113378052608,168.37041574061854,169.4689479524639,56377100
2022-08-17,171.20506286621094,172.77439273368478,169.26301023326062,169.45917459589717,79542000
2022-08-18,170.8126983642578,171.54832585930868,169.80243780169835,170.42036968678258,62290100
2022-08-19,168.2331085205078,170.41056710828244,168.02712623620275,169.71416649279175,70346300
2022-08-22,164.3588104248047,166.6049198473659,163.9370428679026,166.43817940694694,69026800
2022-08-23,164.0253143310547,165.47696339789675,163.4564272588674,163.87819481513557,54147100
2022-08-24,164.31954956054688,164.88843656775538,163.0640799468379,164.1135822617859,53841500
2022-08-25,166.7716522216797,166.8795448504242,165.12385385508654,165.54560642521002,51218200
2022-08-26,160.48448181152344,167.7721056277997,160.42563400937078,167.3013082441995,78961000
2022-08-29,158.2874298095703,159.7782908024648,156.7573269679059,158.06182659509352,73314000
2022-08-30,155.86476135253906,159.44480926961938,154.6975633016655,159.02305667853338,77906200
2022-08-31,154.20712280273438,157.5027341926007,154.12865408316875,157.23790413486398,87991100
2022-09-01,154.9329833984375,155.38415993328115,151.70602203096658,153.6382716729597,74229900
2022-09-02,152.8241424560547,157.2869518100939,152.0002433352291,156.6886409081276,76957800
2022-09-06,151.5687255859375,154.0796656656908,150.74482617846536,153.4715515744209,73714800
2022-09-07,152.97128295898438,153.6676685648947,150.66631095885003,151.85312983190147,87449600
2022-09-08,151.5000762939453,153.3636604436511,149.75417281827168,151.67661975456892,84923800
2022-09-09,154.35426330566406,154.79565178409123,151.78447599724632,152.49067960307377,68028800
2022-09-12,160.2981414794922,161.11223777090294,156.24729591423596,156.53173198406338,104956000
2022-09-13,150.8919219970703,157.46352522744408,150.43092752735453,156.83579030622826,122656600
2022-09-14,152.333740234375,154.08944624806267,150.66632089509483,151.82370097735972,87965400
2022-09-15,149.45008850097656,152.2651001071562,148.4790697119515,151.68639505914092,90481100
2022-09-16,147.8120880126953,148.44964084888636,145.52673670084437,148.31232430924803,162278800
2022-09-19,151.51963806152344,151.59810678770754,146.2427471814607,146.44871449211215,81474200
2022-09-20,153.8932647705078,155.05065980282333,150.14647654096675,150.4603364872082,107689800
2022-09-21,150.77426147460938,155.69806729538206,150.6565658264775,154.32488654617703,101696800
2022-09-22,149.81298828125,151.50983141556574,148.0180554999838,149.45988650515864,86652500
2022-09-23,147.54725646972656,148.5673350111051,145.7130966439831,148.29270193451399,96029900
2022-09-26,147.88075256347656,150.82326264584486,146.77240230987616,146.79202323434507,93339400
2022-09-27,148.85177612304688,151.75505941669135,147.07646404392761,149.81300689014782,84442700
2022-09-28,146.9685821533203,147.7532545846386,142.0643981655583,144.81074419198137,146691400
2022-09-29,139.74960327148438,143.9083561021041,137.98409428837317,143.3002421615135,128138200
2022-09-30,135.5516357421875,140.35774479295515,135.35547138562947,138.5726147256006,124925300
2022-10-03,139.72021484375,140.32834390512355,135.05143653979655,135.56147592361143,114311700
2022-10-04,143.3002471923828,143.41794280659562,141.49549629829846,142.2507447443845,87830100
2022-10-05,143.594482421875,144.55571313373582,140.26944671107276,141.3091461524557,79471000
2022-10-06,142.64308166503906,144.7126478104947,142.43711432828448,143.0158044200555,68402200
2022-10-07,137.4053955078125,140.35772324812106,136.7776606833551,139.80844218113944,85925600
2022-10-10,137.72909545898438,139.1709266873786,135.91455644051044,137.72909545898438,74899000
2022-10-11,136.316650390625,138.64124303543636,135.57122005048993,137.21901816017072,77033700
2022-10-12,135.6889190673828,137.6702130062106,135.51237567961843,136.46378829068846,70433700
2022-10-13,140.2498321533203,140.83832513907973,131.79501040391918,132.40313927882985,113224000
2022-10-14,135.72816467285156,141.75050040665323,135.54180333634727,141.54451814883853,88598000
2022-10-17,139.6809539794922,140.16155437004147,137.5819641011487,138.36663643162046,85250900
2022-10-18,140.99525451660156,143.8887193551449,137.91542833833753,142.70191550699425,99136600
2022-10-19,141.10316467285156,142.1722730567363,138.78838952105372,138.974750883936,61758300
2022-10-20,140.6421661376953,143.09425775385319,139.91634163141597,140.2792613677454,64522000
2022-10-21,144.4478302001953,145.0167173026428,139.9163543059083,140.1321395849877,86548600
2022-10-24,146.5860595703125,147.35111109163424,143.20217553886908,144.36937374781388,75981900
2022-10-25,149.420654296875,149.56778877679034,146.4977652190575,147.21377179556336,74732300
2022-10-26,146.4879608154297,149.07736899312695,145.20305222207165,148.06710843299678,88194300
2022-10-27,142.02516174316406,146.1937178528811,141.36800292889203,145.23250204640354,109180200
2022-10-28,152.75550842285156,154.48177557471033,144.98728378991743,145.35999154749908,164762400
2022-10-31,150.40150451660156,151.2842665764986,149.0087181195706,150.22496108445085,97943200
2022-11-01,147.76303100585938,152.4710497811702,146.27217011734126,152.10814502054632,80379300
2022-11-02,142.25074768066406,149.25392123210702,142.2213237765035,146.0956258102425,93604600
2022-11-03,136.21859741210938,140.06347524662803,136.0910838596121,139.3376507448135,97918500
2022-11-04,135.95333862304688,140.16810151754257,132.0234836201314,139.59827074317496,140814800
2022-11-07,136.48385620117188,136.70981865595215,133.29084915754692,134.70559929239224,83374600
2022-11-08,137.05368041992188,138.94982808586678,135.07893386231837,137.94772594743225,89908500
2022-11-09,132.5048828125,136.12035725287217,132.2297941583769,136.07123106652006,74917800
2022-11-10,144.2944793701172,144.2944793701172,137.05372466357315,138.7632173787933,118854000
2022-11-11,147.07484436035156,147.37940577392345,141.83830991998155,143.26289458275522,93979700
2022-11-14,145.67971801757812,147.64464544159856,144.84461786588682,146.3576203774582,73374100
2022-11-15,147.40884399414062,150.89659305740093,145.95480194485347,149.55062261259357,89868300
2022-11-16,146.18077087402344,147.24183349471545,144.70707528826344,146.51481993344615,64218300
2022-11-17,148.07693481445312,148.82360185357618,143.58706836561342,143.86215701114332,80389400
2022-11-18,148.63693237304688,150.02220984195606,147.34008803390304,149.63904958366277,74829600
2022-11-21,145.4144744873047,147.73308985978306,145.12956655626695,147.52678083863384,58724100
2022-11-22,147.54644775390625,147.78224452900818,144.35343950655982,145.53240839085743,51804100
2022-11-23,148.42080688476562,149.16747394284351,146.72113379241404,146.82920540527334,58301400
2022-11-25,145.51271057128906,146.2692118769101,144.54006603549058,145.7092003283938,35195900
2022-11-28,141.69093322753906,144.06849387144769,140.8656672171658,142.5947981424062,69246000
2022-11-29,138.69439697265625,142.2705641956943,137.88878454429147,141.75967888062996,83763800
2022-11-30,145.43409729003906,146.1119996275474,138.08527316426236,138.9203582971881,111380900
2022-12-01,145.70919799804688,146.51482547786148,144.03901260255705,145.61096061666942,71250400
2022-12-02,145.21798706054688,145.40465760065473,143.09586143280922,143.40043783526434,65447400
2022-12-05,144.05870056152344,148.27346450913342,143.21378092513402,145.1787089175549,68826400
2022-12-06,140.40391540527344,144.71693119940028,139.431270776129,144.49096870660432,64727200
2022-12-07,138.46844482421875,140.85582456681212,137.54492649061714,139.69652452502783,69721100
2022-12-08,140.1484375,141.00319109284194,138.62563079391435,139.86352962985669,62128300
2022-12-09,139.66705322265625,143.01725827820258,138.42913927736055,139.84388950557997,76097000
2022-12-12,141.9561767578125,141.96599599737974,138.58631867677312,140.19755844692216,70462700
2022-12-13,142.9189910888672,147.34007759813417,141.71056497387187,146.87831847453648,93886200
2022-12-14,140.6986541748047,144.08815144991274,138.68460028950005,142.80112620848055,82291200
2022-12-15,134.10633850097656,139.31340079632633,133.64457921306825,138.63549822509023,98931900
2022-12-16,132.15118408203125,135.23611943482993,131.38486361161162,134.29296269794702,160156900
2022-12-19,130.0487060546875,132.82907992971283,129.01713123497163,132.74066180080095,79592600
2022-12-20,129.97991943359375,130.91325672721703,127.6121788847663,129.08587408244605,77432800
2022-12-21,133.07472229003906,134.41087369361549,130.42207295695286,130.64803543949063,85928000
2022-12-22,129.9111785888672,132.20032094511618,128.0150307307424,131.99401195090732,77852100
2022-12-23,129.54769897460938,130.09787639620362,127.36662777385332,128.6241804492717,63814900
2022-12-27,127.7497787475586,129.1055837164495,126.4627534469259,129.07611099897005,69007800
2022-12-28,123.82972717285156,128.73221899747332,123.66271014073895,127.39606774936588,85438400
2022-12-29,127.3371353149414,128.19187403447657,125.49010604619004,125.74554124055933,75703700
2022-12-30,127.65151977539062,127.67117324976594,125.19536766637758,126.15818552945343,77034200
2023-01-03,122.87673950195312,128.6044974020352,121.99252063798394,127.9953746812147,112117500
2023-01-04,124.14413452148438,126.40380440814197,122.88658197418445,124.66483917038782,89113600
2023-01-05,122.82762145996094,125.52939692056383,122.57218626779334,124.90062068574457,80962700
2023-01-06,127.34696960449219,128.00521863758777,122.69991942060877,123.80028171885589,87754700
2023-01-09,127.86768341064453,131.0705256401885,127.61224816786576,128.18207908595156,70790800
2023-01-10,128.4375,128.95820466182693,125.87326865028986,127.97574077291436,63896200
2023-01-11,131.14910888671875,131.16874737067045,128.1722445262406,128.94838439618852,69458900
2023-01-12,131.0705108642578,131.90559617413024,129.13505580606935,131.53227009080283,71379600
2023-01-13,132.39683532714844,132.55403315564018,129.35120610397337,129.71471296505177,57809700
2023-01-17,133.5561065673828,134.88242345634274,131.77784981822288,132.46557135226192,63646600
2023-01-18,132.83895874023438,136.17933021057922,132.66210743185522,134.4207263168224,69672800
2023-01-19,132.89788818359375,133.86069855178562,131.42419241972087,131.7287538123279,58280400
2023-01-20,135.45228576660156,135.59966433835268,131.86629872212012,132.90770800117681,80223600
2023-01-23,138.63546752929688,140.80671912517695,135.4817521326256,135.6978953680963,81760300
2023-01-24,140.0305633544922,140.64952034187644,137.83967329148908,137.84949253259393,66435100
2023-01-25,139.372314453125,139.93231102042415,136.37579688239575,138.41932337339787,65799300
2023-01-26,141.43545532226562,141.72036314771546,139.4115678729177,140.6593007442682,54105100
2023-01-27,143.37095642089844,144.64816254873466,140.57094316997566,140.6495420845882,70555800
2023-01-30,140.49229431152344,142.9975794810538,140.34493076851774,142.41792955695834,64015300
2023-01-31,141.75967407226562,141.8088002532181,139.78492752410364,140.19756045993424,65874500
2023-02-01,142.87969970703125,144.03901475780756,138.84178798038548,141.44531098955775,77663600
2023-02-02,148.17520141601562,148.52887400177488,145.57166328269082,146.28885767804982,118339000
2023-02-03,151.7906494140625,154.62014981197694,145.23761799882098,145.43410775063012,154357300
2023-02-06,149.06922912597656,150.41521473457135,148.13589150827315,149.8945101165513,69858300
2023-02-07,151.93801879882812,152.50784959474223,147.99834440627268,147.99834440627268,83322600
2023-02-08,149.2559051513672,151.86926257026718,148.51905726950346,151.18154087876943,64120100
2023-02-09,148.2243194580078,151.62365104865805,147.78221371418798,151.08329292122983,56007100
2023-02-10,148.58836364746094,148.9130734935689,146.8270751036462,147.0632318137508,57450700
2023-02-13,151.38282775878906,151.7862414824205,148.49980618651492,148.52932389765635,62199000
2023-02-14,150.7432403564453,151.3041068890254,148.4407688328002,149.68055772689488,61707600
2023-02-15,152.83909606933594,153.00636811059493,150.42838780610393,150.6546952720313,65573800
2023-02-16,151.24505615234375,153.8230360580732,150.89082864502956,151.0482514150965,68167900
2023-02-17,150.1037139892578,150.54649479465752,148.43097816102596,149.90692418842454,59144100
2023-02-21,146.0989227294922,148.87370750867322,146.03005307934987,147.79134145705774,58867200
2023-02-22,146.52206420898438,147.54538003263738,144.80012742797703,146.48269724609548,51011300
2023-02-23,147.00421142578125,147.92913996180903,144.87886065676489,147.68314896878456,48394200
2023-02-24,144.35733032226562,144.82962872471046,143.38320079150859,144.75090982195374,55469600
2023-02-27,145.54794311523438,146.77789803104127,145.08547886576312,145.34131909727375,44998500
2023-02-28,145.04612731933594,146.68934528974674,144.47542643511753,144.69189970203135,50547000
2023-03-01,142.9798126220703,144.86902178209266,142.6846204064825,144.47544217070876,55479000
2023-03-02,143.57017517089844,144.35734928778834,141.59239813777418,142.0647116163666,52238100
2023-03-03,148.6080780029297,148.68679692265323,144.96741429678426,145.6660203114201,70732300
2023-03-06,151.36317443847656,153.7935665673354,150.9991125857975,151.32380747304748,87558000
2023-03-07,149.1688995361328,151.55992406603715,148.70643540651363,151.23521425072406,56182000
2023-03-08,150.4185333251953,151.00891757952724,149.39521763366128,150.35949790258118,47204800
2023-03-09,148.17510986328125,152.06176399701366,147.82088228318355,151.09748364556307,53833600
2023-03-10,146.11863708496094,148.5195113692859,145.24290982690115,147.80122193638456,68572400
2023-03-13,148.0570526123047,150.68423448355665,145.33146834316847,145.43970497520198,84457100
2023-03-14,150.14303588867188,150.94004418166887,147.6929755826584,148.85404568502526,73695900
2023-03-15,150.53662109375,150.7924462663543,147.51584514285557,148.76548332238644,77167900
2023-03-16,153.3507843017578,153.9510028988609,149.20828955550553,149.71995500240442,76161100
2023-03-17,152.51437377929688,154.22647602550626,151.80591871287191,153.5770563789343,98944600
2023-03-20,154.8759307861328,155.2892088870571,151.678047720229,152.58330783129233,73641400
2023-03-21,156.72576904296875,156.84383990664745,154.02970254755692,154.79720820376127,73938300
2023-03-22,155.2990264892578,159.5399085601911,155.27934300701256,156.7454546452784,75701800
2023-03-23,156.38133239746094,158.9593273158035,155.15137786083926,156.28294504298728,67622100
2023-03-24,157.6802215576172,157.76877470893055,155.31871410467124,156.31251228008384,59196500
2023-03-27,155.74179077148438,158.19186606543823,155.33836200567538,157.37517430078694,52390300
2023-03-28,155.12188720703125,155.94842821050446,153.47866946121147,155.43676283008696,45992200
2023-03-29,158.19187927246094,158.4673879613573,156.79465234617297,156.81432081388166,51305700
2023-03-30,159.75637817382812,159.8646148025582,158.68386113447403,158.9396863414281,49501700
2023-03-31,162.25564575195312,162.35404815041076,159.31360321570477,159.83510289651463,68749800
2023-04-03,163.50526428222656,163.62333513475417,161.58653785817188,161.63573905142377,56976200
2023-04-04,162.9739532470703,164.16454121432164,162.46228779099377,163.92839947620809,46278300
2023-04-05,161.13388061523438,162.40320212135714,159.20532028473036,162.09817579458004,51511700
2023-04-06,162.0194854736328,162.31467762112032,159.40213812085784,159.8252353547828,45390100
2023-04-10,159.43167114257812,159.43167114257812,157.51294452082058,158.8314525568901,47716900
2023-04-11,158.22134399414062,159.75632475075687,157.935986152869,159.74649052019637,47644200
2023-04-12,157.53262329101562,159.46118408911326,157.2177476424543,158.6346580327857,50133100
2023-04-13,162.90505981445312,163.14121655398105,158.83144989570576,159.0380889195549,68445600
2023-04-14,162.56068420410156,163.6528847449455,161.19297496954,161.9506163702145,49386500
2023-04-17,162.58038330078125,162.7378211594505,161.39962938896315,162.44262892797082,41516200
2023-04-18,163.8004608154297,164.7253892225956,162.99360326395418,163.43639900098648,49923000
2023-04-19,164.9418487548828,165.46334834295578,162.8853530999642,163.14119328481948,47720200
2023-04-20,163.97760009765625,165.17803741907238,162.905082905045,163.42658264141926,52456400
2023-04-21,162.3737030029297,163.78076396537094,161.85220341407148,162.40322071444277,58337300
2023-04-24,162.6787567138672,162.94443117624493,161.26184626664974,162.35404681853836,41949600
2023-04-25,161.14378356933594,163.64304544690907,161.10441660264104,162.54101060503098,48714100
2023-04-26,161.13388061523438,162.6295095550799,160.18928392676938,160.4451090686258,45498800
2023-04-27,165.7093505859375,165.85693915334915,162.5409858833323,162.5409858833323,64902300
2023-04-28,166.958984375,167.12627144742981,165.18786139778672,165.7880799666726,55275900
2023-05-01,166.8704376220703,167.71664719399982,165.93567490070697,166.5654112090663,52472900
2023-05-02,165.8372344970703,167.61822139630092,164.85327080237903,167.36238122666072,48425700
2023-05-03,164.76473999023438,168.17909567440717,164.47939708632646,166.78186884038578,65136000
2023-05-04,163.13136291503906,164.36131774887434,161.67510059572527,162.24580144031648,81235400
2023-05-05,170.78659057617188,171.50487988988195,168.02163990321543,168.23811312336284,113453200
2023-05-08,170.71771240234375,171.06210572406735,169.35000337616833,169.7140651629481,55962800
2023-05-09,169.01548767089844,170.75709300871614,168.8482156052712,170.27496029429,45326900
2023-05-10,170.7767791748047,171.23924342814053,169.14339542958015,170.24544525293916,53724500
2023-05-11,170.96371459960938,171.79024060925457,169.40904995436452,171.06211698775132,49514700
2023-05-12,170.03750610351562,171.50563041723674,168.49053896760506,171.07208510437357,45533100
2023-05-15,169.5448455810547,170.66811525184778,168.95364468701064,170.6188460048669,37266700
2023-05-16,169.5448455810547,170.5991352991019,169.27880367524853,169.46601779285794,42110300
2023-05-17,170.15574645996094,170.39221479568312,167.91905489711874,169.19013234108013,57951600
2023-05-18,172.48109436035156,172.6683084617715,170.04734111161662,170.4611756877155,65496700
2023-05-19,172.58949279785156,173.80143807257875,172.3727201425523,173.80143807257875,55809500
2023-05-22,171.64358520507812,172.14611049896482,170.90459157041087,171.42681253611994,43570900
2023-05-23,169.04232788085938,170.83562631420236,168.7664381272472,170.58929510312979,50747300
2023-05-24,169.31820678710938,169.8896969643689,168.01758589409968,168.57921320123526,45143500
2023-05-25,170.45132446289062,171.34795850917342,169.17039935195018,169.87983433539839,56058300
2023-05-26,172.8555145263672,173.1905363695113,170.56956891324683,170.7764937271046,54835000
2023-05-30,174.69810485839844,176.36330631715728,173.9788219031772,174.36309800636275,55964400
2023-05-31,174.64883422851562,176.71802248155805,174.16601962684186,174.72766202276017,99625300
2023-06-01,177.44715881347656,177.47671735788407,174.33352850038895,175.0922328882,68901800
2023-06-02,178.29454040527344,179.11236188910445,176.62933889294345,178.37336820267623,61996900
2023-06-05,176.94464111328125,182.2358308287415,175.4272324012079,179.949884959394,121946500
2023-06-06,176.580078125,177.476712338109,174.8261860088602,177.32891962025158,64848400
2023-06-07,175.21047973632812,178.55073052308683,174.71781728969785,175.82137635899298,61944600
2023-06-08,177.9201202392578,178.18614713091944,174.85575927069235,175.2892895872439,50214900
2023-06-09,178.3043975830078,179.5557493602978,177.97923856717878,178.83646640490514,48900000
2023-06-12,181.0928497314453,181.19138823156914,178.31424143935143,178.60984190485868,54274900
2023-06-13,180.61990356445312,181.44757286544584,179.7626757194867,180.1173932820357,54929100
2023-06-14,181.25048828125,181.68403358526143,179.34881869349235,180.67899811094975,57462900
2023-06-15,183.2802276611328,183.78275284103498,181.08295796220978,181.26032421242834,65433200
2023-06-16,182.2062530517578,184.245882524342,181.56579797087073,183.98968846409701,101256200
2023-06-20,182.29495239257812,183.3689679486228,181.70376647980103,181.70376647980103,49799100
2023-06-21,181.26036071777344,182.68907870149724,179.91045548906328,182.1865534203878,49515700
2023-06-22,184.25575256347656,184.30502181445038,180.9746189088309,181.04359886716716,51245300
2023-06-23,183.94041442871094,184.807505007212,182.29492392440986,182.82700770116728,53117000
2023-06-26,182.55117797851562,185.29038044106406,182.511756556611,184.08828266571635,48088700
2023-06-27,185.30015563964844,185.62531458599346,182.94523027205378,183.16200290295046,50730800
2023-06-28,186.47271728515625,187.11317238738192,184.84693738882143,185.17208134019785,51216800
2023-06-29,186.8077392578125,187.2807060224463,186.16728410364277,186.30522898461155,46347300
2023-06-30,191.1234588623047,191.62596911406445,188.45322195229386,188.81780236383452,85213200
2023-07-03,189.6356658935547,191.0348256615158,188.94592633009648,190.93628714248834,31458200
2023-07-05,188.52220153808594,190.1479814937267,187.82261429340878,188.75868490984942,46920300
2023-07-06,188.99514770507812,189.20207252866174,186.42344937265386,187.05405664400223,45094300
2023-07-07,187.8817138671875,189.8425155087971,187.44818361165477,188.6010117511895,46815000
2023-07-10,185.84213256835938,187.20188576037833,184.29516523716504,186.4825877482977,59922200
2023-07-11,185.31993103027344,186.52202875398913,183.86165421465003,186.3840838529824,46638100
2023-07-12,186.98509216308594,188.88676181703667,185.70416691161034,186.89640150427806,60750200
2023-07-13,187.74378967285156,188.38425984411805,186.99494820191867,187.70438329432415,41342300
2023-07-14,187.89161682128906,188.37441642370476,186.847174781534,187.4383607296714,41616200
2023-07-17,191.14315795898438,191.46831693797242,188.9951421376018,189.08381775872684,50520200
2023-07-18,190.88697814941406,191.47817907078496,189.5962050071137,190.5125649317522,48288200
2023-07-19,192.23690795898438,195.320964896157,189.822849750849,190.26625801592914,80507300
2023-07-20,190.2957763671875,193.58675746858663,189.6750169550875,192.22700448393437,59581200
2023-07-21,189.12326049804688,192.10879369152832,188.42367321559357,191.25156585425083,71951700
2023-07-24,189.92135620117188,192.04966138875844,189.4286937985748,190.57167418096722,45377800
2023-07-25,190.778564453125,191.58653792745972,190.08884016702333,190.49282690419068,37283200
2023-07-26,191.64566040039062,192.76892999363082,190.4829844332044,190.82783906853456,47471900
2023-07-27,190.38446044921875,194.30604897209747,189.72429463258098,193.1433729163405,47460200
2023-07-28,192.95616149902344,193.74442436278966,191.29096014596897,191.8131810983056,48291400
2023-07-31,193.5670623779297,193.60648379116893,192.39452340931743,193.1827862905988,38824100
2023-08-01,192.73936462402344,193.8429234737508,192.4142056697584,193.36012399442592,35175100
2023-08-02,189.75384521484375,192.3156805851802,189.03456234552243,192.17773571935334,50389300
2023-08-03,188.36456298828125,189.54694988427917,187.89161123685508,188.75870197685728,61235200
2023-08-04,179.3192901611328,184.63019095429203,179.25031019901363,182.79748597555601,115956800
2023-08-07,176.22535705566406,180.44254624962392,174.74736976708382,179.4572213905704,97576100
2023-08-08,177.1614227294922,177.6245266423458,174.97400021533483,177.0530363874442,67823000
2023-08-09,175.57504272460938,178.2748232727554,174.41235154839882,178.21570618554995,60378500
2023-08-10,175.3582763671875,178.097478428752,174.9937109597073,176.84611157664116,54686900
2023-08-11,175.41744995117188,176.2363757071569,174.1940069392339,174.95373578240464,52036700
2023-08-14,177.065185546875,177.29211207450308,174.9438673937282,175.59506357405235,43675600
2023-08-15,175.0819854736328,177.08489459113486,174.68732936330193,176.49291042563854,43622600
2023-08-16,174.21376037597656,176.15745776554937,174.14468726786023,174.7662850202376,46964900
2023-08-17,171.67803955078125,175.1411945839284,171.1649745274817,174.7761369036864,66062900
2023-08-18,172.1614990234375,172.76335939467492,169.6652621694116,170.0007213782545,61172200
2023-08-21,173.49349975585938,173.77963828216437,171.42153223598535,172.73378585948967,46311900
2023-08-22,174.8649444580078,175.30893640777694,173.89802631437342,174.69721483499137,42038900
2023-08-23,178.7030029296875,179.12727253692543,175.95024126986627,176.13770818549477,52722800
2023-08-24,174.0262908935547,178.68330576322634,173.66121814414575,178.25903609639087,54945800
2023-08-25,176.2265167236328,176.7593040006282,173.4737548580186,175.0129348306344,51449600
2023-08-28,177.78543090820312,178.1800870283186,176.1673167274641,177.6867593505913,43820700
2023-08-29,181.66297912597656,182.4325690983829,177.1046362040057,177.30196426395187,53003900
2023-08-30,185.14584350585938,185.34318659132038,182.27468829643146,182.47201632672878,60813900
2023-08-31,185.36294555664062,186.59626480914432,184.97815055206615,185.33334709899387,60794500
2023-09-01,186.93174743652344,187.38560051082152,185.76748618147488,186.96134589549212,45766500
2023-09-05,187.1685333251953,187.44479564304942,185.1064270757959,185.7674844117445,45280000
2023-09-06,180.46913146972656,186.32986658571798,179.04834537431464,185.88585963952747,81755800
2023-09-07,175.19052124023438,175.83185624974686,171.22416252451072,172.84227669356144,112488800
2023-09-08,175.80223083496094,177.83475336123297,175.4174358773743,175.96997548136457,65551300
2023-09-11,176.96652221679688,177.8939807491613,174.9734739911946,177.66705421097663,58953100
2023-09-12,173.9473419189453,177.72623373133553,172.487096210491,177.09477490699047,90370200
2023-09-13,171.88522338867188,174.93398459835862,171.6582818339781,174.15451849429098,84267900
2023-09-14,173.39483642578125,173.75003299454158,171.2636570132194,171.6780505009118,60895800
2023-09-15,172.674560546875,174.14468255030425,171.5004532372104,174.12494522635322,109259500
2023-09-18,175.59506225585938,176.98624997924455,173.8190795297471,174.12494029407293,67257600
2023-09-19,176.6803436279297,177.23286809900992,174.76623024228556,175.15102514572806,51826900
2023-09-20,173.14817810058594,177.3019893003594,173.05936766417838,176.86785847407558,58436200
2023-09-21,171.6089630126953,173.94734650075085,171.53990496478352,172.22069958579337,63149100
2023-09-22,172.45748901367188,174.7169382879251,171.7273736602944,172.33909518451154,56725400
2023-09-25,173.7303009033203,174.60842368932387,171.82604797435675,171.8753837600089,46172700
2023-09-26,169.665283203125,172.86203732750283,169.36928354767613,172.48711848209095,64588900
2023-09-27,168.15567016601562,170.73084132501634,166.7940959712009,170.3164478696235,66921800
2023-09-28,168.4122314453125,169.7343462157436,165.38319180250966,167.08024048447163,56294400
2023-09-29,168.92526245117188,170.7604419321708,168.06686209293406,169.72445084440017,51861100
2023-10-02,171.43138122558594,171.97404472395215,168.64900568223578,168.93514418826848,52164500
2023-10-03,170.09938049316406,171.31297744317223,168.54047825044546,169.96124934298015,49594600
2023-10-04,171.34255981445312,171.8852232303615,168.68845469814508,168.80684851428336,53020300
2023-10-05,172.5758819580078,173.10866919518492,170.3756298015613,171.47081778563683,48527900
2023-10-06,175.12147521972656,175.61480292776608,170.8689777300858,171.48071432556827,57266700
2023-10-09,176.60142517089844,176.66062207591688,173.45399257599578,174.45050893918912,42390800
2023-10-10,176.00946044921875,177.32171396949087,175.57532965392068,175.72333700059065,43698000
2023-10-11,177.400634765625,177.4499705441094,175.22999600880442,175.82198018511957,47551100
2023-10-12,178.29849243164062,179.906730392158,176.6507647716162,177.6670336186698,56743100
2023-10-13,176.4633331298828,179.5022186651883,175.76280113660414,178.99902980590412,51427100
2023-10-16,176.3350372314453,176.6902337432856,174.15452238414363,174.39132507709223,52517000
2023-10-17,174.78598022460938,176.03903666999224,172.46734930467605,174.29265257502803,57549400
2023-10-18,173.49349975585938,175.21028574818484,172.77324545527233,173.2369747453516,54764400
2023-10-19,173.11856079101562,175.46679037407037,172.85215962113486,173.69080766680926,59302900
2023-10-20,170.57298278808594,173.07908076842247,170.33618008275127,172.97054807703984,64244000
2023-10-23,170.69140625,171.68792291287053,167.6623665542272,168.62929981085605,55980100
2023-10-24,171.12551879882812,171.35244533043914,169.16206908920728,170.74072378645857,43816600
2023-10-25,168.81675720214844,170.7505934954682,168.37275019582236,169.58634726553433,57157000
2023-10-26,164.6628875732422,169.09297489080478,163.45916701132384,168.09644349231945,70625300
2023-10-27,165.9751434326172,166.70527372020223,164.60369326977082,164.68262749452305,58499100
2023-10-30,168.0175323486328,168.8857938712959,166.61648356307745,166.76449089816728,51131000
2023-10-31,168.4911346435547,168.61938959873203,165.6594236135805,167.09008588386948,44846000
2023-11-01,171.64845275878906,171.9049777602895,167.84982318964867,168.71808481806195,56934900
2023-11-02,175.20042419433594,175.4076134182441,173.11858048911532,173.17777741023195,77334800
2023-11-03,174.29266357421875,174.46040823420765,171.03671292563865,171.91483559510309,79829200
2023-11-06,176.83822631835938,177.03555436857033,173.858538133294,174.02626772873157,63841300
2023-11-07,179.39366149902344,180.00538292517788,176.5816880659098,176.7888772337267,70530000
2023-11-08,180.4494171142578,181.00194176498167,179.16676200069597,179.91662978825056,49340300
2023-11-09,179.97579956054688,181.66297171772456,179.38380034968415,180.51846299464347,53763500
2023-11-10,184.15487670898438,184.32284238950194,181.31944959381738,181.75415237279827,66133400
2023-11-13,182.57412719726562,183.78930789371245,181.99123723697815,183.58184574005094,43627500
2023-11-14,185.18234252929688,185.8442707665973,184.05607409829287,185.43920547847273,60108400
2023-11-15,185.74546813964844,187.21752694473682,185.51824264456812,185.5874067506803,53790500
2023-11-16,187.42498779296875,188.6599317940755,186.37774261703024,187.2866746678448,54412900
2023-11-17,187.4052276611328,188.08691917335904,186.29872264128753,187.95848017105547,50922700
2023-11-20,189.14404296875,189.59850904887813,187.592960955599,187.6028350817968,46505100
2023-11-21,188.3437957763672,189.21320125507725,187.45464204586924,189.10452557023848,38134500
2023-11-22,189.00570678710938,190.60618938615343,188.53149251239262,189.18354656200316,39617700
2023-11-24,187.6818389892578,188.6006300326625,186.97051008307392,188.57099258448812,24048300
2023-11-27,187.50399780273438,188.3734031425855,186.6247183385664,187.63243679384846,40552600
2023-11-28,188.106689453125,188.77850691885152,187.11873411970524,187.4941619704054,38415400
2023-11-29,187.08908081054688,189.77632029571453,186.69390474066958,188.6006511365786,43014200
2023-11-30,187.66209411621094,188.02764780463457,185.92329832735996,187.55341843722022,48794400
2023-12-01,188.93653869628906,189.2526764891983,186.95073929786508,188.03749593754978,45704800
2023-12-04,187.14833068847656,187.76087311237956,185.19218377665425,187.69170901814908,43389500
2023-12-05,191.09030151367188,192.05849343193452,187.8893210956394,187.91897362196437,66628400
2023-12-06,190.00355529785156,192.4141533735728,189.79607806848605,192.10788966712872,41089700
2023-12-07,191.93008422851562,192.65128739108172,191.25826677194576,191.29779342674496,47477700
2023-12-08,193.3527069091797,193.62933314213194,191.33726998338577,191.86088500111674,53406400
2023-12-11,190.8531951904297,191.15947399253523,189.11439931154695,190.78404615931,60943700
2023-12-12,192.36477661132812,192.3746507369947,189.4107849369075,190.75440470261375,52696900
2023-12-13,195.57562255859375,195.61513413450965,192.50308121236986,192.74018081786602,70404200
2023-12-14,195.72378540039062,197.21559217390634,193.79727597101643,195.63487305941916,66831600
2023-12-15,195.1903076171875,196.01029713155143,194.6271659416612,195.1507809689053,128538400
2023-12-18,193.5305633544922,194.26165570440122,192.04863040265064,193.7281513997374,55751900
2023-12-19,194.5679168701172,194.5777909959987,193.53056080250687,193.79731295132126,40714100
2023-12-20,192.48333740234375,195.2990010280865,192.48333740234375,194.5283970820936,52242800
2023-12-21,192.33511352539062,194.70621508029078,191.16933361068988,193.73802319308166,46482500
2023-12-22,191.26815795898438,193.05635469466722,190.64574127695036,192.8291141147171,37149600
2023-12-26,190.72474670410156,191.55462542072405,190.50739536284337,191.2779991818499,28919300
2023-12-27,190.8235626220703,191.16935301152336,188.7883770898652,190.1715235726757,48087700
2023-12-28,191.2483673095703,192.3153607227681,190.8433020640508,191.80161980345068,34049900
2023-12-29,190.2110137939453,192.05848519728596,189.42064661751613,191.56450759639273,42672100
2024-01-02,183.40402221679688,186.17030008579113,181.6751004330507,184.89582930034302,82488700
2024-01-03,182.03074645996094,183.64111826756874,181.22061595613366,182.0011090098209,58414500
2024-01-04,179.7189483642578,180.88472835710988,178.70135563320858,179.95604798314233,71983600
2024-01-05,178.99774169921875,180.5587129492039,177.99991223040004,179.79799818956093,62379700
2024-01-08,183.32498168945312,183.36450834315934,179.313885613353,179.89677561800764,59144500
2024-01-09,182.91001892089844,182.91989304556353,180.52904335165846,181.7047124117811,42841800
2024-01-10,183.9473876953125,184.1548498527509,181.70472508990332,182.12955368013527,46792900
2024-01-11,183.3546142578125,184.7970355796361,181.4083411771675,184.29316874581366,49128400
2024-01-12,183.68064880371094,184.49077939116623,182.95944565085554,183.81896194364214,40477800
2024-01-16,181.418212890625,182.04061439740983,178.75072186869164,179.9659175831278,65603000
2024-01-17,180.4796600341797,180.72664884969066,178.12833676151584,179.08665457169852,47317400
2024-01-18,186.35800170898438,186.86185345428623,183.59172402252184,183.8485869578717,78005800
2024-01-19,189.252685546875,189.6379874512041,186.54569809210085,187.04954979006996,68903000
2024-01-22,191.5546112060547,192.9772689432648,189.94423959032406,189.98376623580117,60133900
2024-01-23,192.82908630371094,193.39222799671276,191.49535584528522,192.67102493067515,42355600
2024-01-24,192.15731811523438,194.0146790217886,191.99924163914412,193.06623524024957,53631300
2024-01-25,191.83128356933594,193.90599578100486,190.78405333725613,192.86863967517039,54822100
2024-01-26,190.10235595703125,192.41416772814074,189.6281416366758,191.93007928184088,44594000
2024-01-29,189.42063903808594,189.8849791703456,187.2965414692382,189.6972652775173,47145600
2024-01-30,185.77508544921875,189.48980657471878,185.21195883551243,188.64016451675863,55859400
2024-01-31,182.17893981933594,184.846431021382,182.12955411744667,184.7871410441138,55467800
2024-02-01,184.6093292236328,184.69824158324056,181.6059517240919,181.77390231724044,64885400
2024-02-02,183.61148071289062,185.07365019396582,177.09097033579843,177.6936236133024,102551700
2024-02-05,185.41944885253906,186.97054595458332,183.6016146657499,185.8837890630235,69668800
2024-02-06,187.0199432373047,187.02981736340615,184.5204175084795,184.6093298683978,43490800
2024-02-07,187.1286163330078,188.74886241631054,186.33824908078662,188.3437971267345,53439000
2024-02-08,186.05174255371094,187.25703410679802,185.09342474162452,187.1088468471974,40962000
2024-02-09,186.81341552734375,187.941120969739,185.9725760341758,186.6155602859614,45155200
2024-02-12,185.1317596435547,186.63537211912902,184.7756412965565,186.38806813077576,41781900
2024-02-13,183.04452514648438,184.20192116931864,181.5310258479947,183.76666370675508,56529500
2024-02-14,182.1641082763672,183.5292310959524,180.472557481369,183.3215042025078,54630500
2024-02-15,181.87725830078125,182.50046922442786,179.39433152096026,181.57060374922136,65434500
2024-02-16,180.34396362304688,182.8565806751117,179.71086599707365,181.44199396902647,49752500
2024-02-20,179.60203552246094,180.46264852115328,178.0588611409836,179.82955095197704,53665600
2024-02-21,180.35386657714844,180.91771184255438,178.71176441081158,179.97795967071906,41371400
2024-02-22,182.38174438476562,182.96539328132977,180.49235334512917,181.50134277124772,52292200
2024-02-23,180.55169677734375,183.04451006700117,180.2648157032703,183.0148347964746,45119700
2024-02-26,179.20635986328125,180.78909628027105,178.7018500832812,180.27471486922383,40867400
2024-02-27,180.66050720214844,181.93658908973126,177.62360710096542,179.1470080612827,54318900
2024-02-28,179.46353149414062,181.14519536218177,178.18744973320082,180.5417731107642,48953900
2024-02-29,178.80078125,180.6011615069905,177.59393659501978,179.31517776545977,136682600
2024-03-01,177.72256469726562,178.58317785739587,175.46715324060466,177.61375032460919,73563100
2024-03-04,173.21170043945312,174.9922768844708,171.91581500377694,174.25036500096815,81510100
2024-03-05,168.285400390625,170.1846930657021,167.7907924514621,168.91849794898403,95132400
2024-03-06,167.29617309570312,169.39332087872134,166.8609157238647,169.21525418377138,68587700
2024-03-07,167.177490234375,168.88882954707424,166.67299554984157,167.32586658446218,71765100
2024-03-08,168.88885498046875,171.8268279085278,167.118164861082,167.1775154100546,76267000
2024-03-11,170.88705444335938,172.49948126334272,170.1946063009313,171.07500788792643,60139500
2024-03-12,171.3618621826172,172.15323790323208,169.16580172767317,171.28272310113206,59825400
2024-03-13,169.2845001220703,171.32228220007605,168.91848002185432,170.90681338658084,52488700
2024-03-14,171.13436889648438,172.43023944819464,170.19461671040915,171.0453430786352,72913500
2024-03-15,170.75843811035156,170.75843811035156,168.4535633292171,169.32407812222547,121752700
2024-03-18,171.8465576171875,175.7935338090815,171.64871749027145,173.67661275318792,75604200
2024-03-19,174.18115234375,174.7054356079408,171.1640405724947,172.45991109697533,55215200
2024-03-20,176.7432098388672,176.7432098388672,173.2018149693641,173.82502584048726,53423100
2024-03-21,169.5218963623047,175.5759069490651,168.99761322817335,175.14064960882752,106181300
2024-03-22,170.422119140625,171.18381963278856,168.22605856941686,169.90772263085663,71160100
2024-03-25,169.00753784179688,170.08577952012527,167.6226265638577,168.7305586050563,54288300
2024-03-26,167.87985229492188,169.57140318495337,167.75124938607289,168.16671829054096,57388400
2024-03-27,171.4409942626953,171.72787530814264,168.27550660374618,168.57227437363676,60273300
2024-03-28,169.63075256347656,170.37266455083602,168.67121185228598,169.8978451053126,65672700
2024-04-01,168.1964111328125,169.40325597415293,167.6523392626607,169.3439054236345,46240500
2024-04-02,167.0192108154297,167.51381877100314,166.41578850586058,167.25662806803024,49329500
2024-04-03,167.8204803466797,168.83937157047524,166.7620271262386,166.9697540235435,47691700
2024-04-04,166.99945068359375,170.0660111961713,166.99945068359375,168.45358430225178,53704400
2024-04-05,167.75125122070312,168.55251376624304,167.12804031006615,167.76113794678497,42104800
2024-04-08,166.63340759277344,167.37531948329715,166.425680716199,167.20715459942008,37425500
2024-04-09,167.8402557373047,168.2458378687617,166.53449863101693,166.88071513080217,42373800
2024-04-10,165.9706573486328,167.26652787853376,165.30788444762385,166.97966188332379,49709300
2024-04-11,173.15234375,173.5678277091418,166.34654865134516,166.5246002673459,91070300
2024-04-12,174.64608764648438,176.43656618963917,172.33132583138607,172.38077455594663,101670900
2024-04-15,170.82769775390625,174.72521085075485,170.63974431610336,173.46890241983837,73531800
2024-04-16,167.55340576171875,171.88616144450353,166.45537543168857,169.89784277952464,73711200
2024-04-17,166.1882781982422,168.80969440593617,166.1882781982422,167.78091646807817,50901200
2024-04-18,165.2386016845703,166.8213530127437,164.75389559967167,166.21793076697907,43122900
2024-04-19,163.2206268310547,164.60552308162337,162.31054999578998,164.41758473594675,68149400
2024-04-22,164.05154418945312,165.45622881020677,162.9930911354229,163.7350029833429,48116400
2024-04-23,165.1001434326172,165.24853488832454,163.14149999003314,163.56687071664174,49537800
2024-04-24,167.19728088378906,167.47426013692973,164.41758653276062,164.74401450706145,48251800
2024-04-25,168.0579071044922,168.7701438382538,166.33666581552853,167.7017887376114,50558300
2024-04-26,167.4742889404297,169.49228314527264,167.3555727442108,168.0480360903948,44838400
2024-04-29,171.6289825439453,174.13169791183088,171.23330216655395,171.50037962888564,68169400
2024-04-30,168.49314880371094,173.10289859543835,168.1667057400835,171.46079655206535,65934800
2024-05-01,167.4742889404297,170.84751946790604,167.2863354661363,167.75126824120736,50383100
2024-05-02,171.1640167236328,171.5498103000238,169.04709541575278,170.64962025703286,94214900
2024-05-03,181.40240478515625,184.98336128032037,180.69016817589636,184.63712970012278,163224100
2024-05-06,179.75045776367188,182.21359610453806,178.47436058739535,180.38355544132992,78569700
2024-05-07,180.43296813964844,182.9060078076493,179.36462828599997,181.47164781905605,77305800
2024-05-08,180.7693328857422,181.09577596912635,179.49323582394607,180.87814724687024,45057100
2024-05-09,182.57958984375,182.66861565405213,180.14611203583203,180.5912561815798,48983000
2024-05-10,181.32156372070312,183.34229448527321,180.4102525825865,183.1540861312051,50759500
2024-05-13,184.52108764648438,185.33335221774516,182.8767582325011,183.68902280376187,72044800
2024-05-14,185.66021728515625,186.52201273815805,184.53098214319476,185.7394637127145,52393600
2024-05-15,187.92857360839844,188.84978484549154,185.6007573941714,186.13566691836786,70400000
2024-05-16,188.04747009277344,189.29558246787192,187.86917696187996,188.6715262803227,52845200
2024-05-17,188.07716369628906,189.0082902438942,187.3936765447615,187.72056236134898,41282900
2024-05-20,189.2361297607422,190.10782534306233,187.22529890901677,187.54228461702792,44361300
2024-05-21,190.5337677001953,190.91016932460286,189.11726241831752,189.28565540299905,42309400
2024-05-22,189.0974578857422,190.99934196064652,188.47341681604038,190.45453220558076,34648500
2024-05-23,185.11541748046875,189.19651013997458,184.86777806929078,189.1766947549615,51005900
2024-05-24,188.18614196777344,188.78048261582597,186.26445766907554,187.03710655742805,36327000
2024-05-28,188.19606018066406,191.17763337385156,187.31446444482384,189.70169698060212,52280100
2024-05-29,188.49317932128906,190.43467866451712,187.7205456833483,187.81960747886188,53068000
2024-05-30,189.48374938964844,190.365345015264,188.82999288588945,188.95875509095092,49889100
2024-05-31,190.43470764160156,190.7516933437122,188.11680637508078,189.63235836586054,75158300
2024-06-03,192.19789123535156,193.14883318833753,190.7021546904014,191.07855630297723,50080500
2024-06-04,192.51487731933594,193.47571940906454,191.2073340206378,192.80213237542046,47471400
2024-06-05,194.02052307128906,195.04079624688396,193.02996541617088,193.5549597642067,54156800
2024-06-06,192.64366149902344,194.64459232913165,192.33659102362645,193.84224299284628,41181800
2024-06-07,195.0308837890625,195.08041469163098,192.30685040959915,192.81202934049514,53103900
2024-06-10,191.2965087890625,195.43704806418344,190.33566655763516,195.04081589339742,97010200
2024-06-11,205.19400024414062,205.20391549352811,191.8016724106265,191.82147267998263,172373300
2024-06-12,211.05810546875,218.12077055688877,204.94635205432962,205.4119153142898,198134300
2024-06-13,212.2170867919922,214.70338117421306,209.6020150722442,212.71236564129833,97862700
2024-06-14,210.4835968017578,213.13828400218216,209.3048308005582,211.83075578674166,70122700
2024-06-17,214.62413024902344,216.88260054537645,210.71143044440285,211.35528688913016,93728300
2024-06-18,212.2666015625,216.56563344094587,210.9887887879192,215.53544497511416,79943300
2024-06-20,207.70013427734375,212.21709015086526,206.8779846754286,211.91000456307782,86172500
2024-06-21,205.53079223632812,209.88923942625428,205.15437552925596,208.40340309586463,241805100
2024-06-24,206.1746826171875,210.69162338847192,204.63931513285507,205.75865018980198,80727000
2024-06-25,207.0959014892578,209.3840873125504,206.64023830581658,207.1751328027417,55549700
2024-06-26,211.23638916015625,212.8311873569971,208.65103345259956,209.5029135164035,66213200
2024-06-27,212.07839965820312,213.70291360533915,210.34492376459474,212.66282504623206,49772700
2024-06-28,208.6312255859375,214.0297763055812,208.3142550307382,213.73260601871965,82542700
2024-07-01,214.703369140625,215.4561875080808,209.91897391071575,210.0873668962765,60402900
2024-07-02,218.19012451171875,218.29908645117231,213.0689435868198,214.1090169642201,58046200
2024-07-03,219.45802307128906,219.45802307128906,216.96181387179615,217.92265588190668,37369800
2024-07-05,224.20281982421875,224.3117817727132,219.55710192478037,219.55710192478037,60412400
2024-07-08,225.66883850097656,225.69855401964364,221.14198303770854,224.94572057418634,59085900
2024-07-09,226.52073669433594,227.23393947620644,224.23255073363126,225.7778183894468,48076100
2024-07-10,230.78012084960938,230.87918266211804,227.08534498663496,227.1348758928893,62627700
2024-07-11,225.4212188720703,230.19569903805672,223.63821202212716,229.2051413563895,64710600
2024-07-12,228.36314392089844,230.44332094014862,226.5207061684713,226.7584454352943,53046500
2024-07-15,232.1867218017578,234.99000194235262,230.88909361652622,234.2470836578572,62631300
2024-07-16,232.602783203125,234.03908894913195,230.13628891032246,232.78107634696724,43234300
2024-07-17,226.71885681152344,229.27449755440023,224.50000206743292,227.28346685481674,57345900
2024-07-18,222.06320190429688,228.26410233218343,220.17124832102243,228.10560948409145,66034600
2024-07-19,222.1919708251953,224.65846466815103,221.17169771561296,222.6971648700337,49151500
2024-07-22,221.84527587890625,225.6291978658938,220.98348053112068,224.86646431913928,48201800
2024-07-23,222.88534545898438,224.7971293607533,220.57734458918785,222.25138924131514,39960300
2024-07-24,216.4764404296875,222.67734036905603,215.07976577070053,221.88489130573666,61777600
2024-07-25,215.43637084960938,218.7646448818125,212.59346035218633,216.86276105080302,51391200
2024-07-26,215.90196228027344,217.41751434744816,213.97036267942912,216.6349653026102,41601300
2024-07-29,216.17930603027344,217.22929471632008,213.71281205128278,214.91139345300462,36311800
2024-07-30,216.73402404785156,218.24957609355639,214.07932159795172,217.1203409396055,41643800
2024-07-31,219.98306274414062,221.70663863761098,218.54675705693774,219.34910640080292,50036300
2024-08-01,216.2981414794922,222.36034868782315,214.9707980252656,222.25138675562792,62501000
2024-08-02,217.7840118408203,223.46981835778237,215.6543188775265,217.0807092384795,105568600
2024-08-05,207.2940216064453,211.48407659683002,194.14931622004067,197.210135996183,119548600
2024-08-06,205.27325439453125,208.00720313955475,199.17143085232243,203.36148541473497,69660500
2024-08-07,207.83880615234375,211.62272838414273,204.441185671316,204.9463646139573,63516400
2024-08-08,211.2958526611328,212.17744837655164,206.8581585633277,211.097744151489,47161100
2024-08-09,214.19818115234375,214.7330756065884,209.96849596255686,210.09727328743648,42201600
2024-08-12,215.7254180908203,217.68898821235913,213.81143620679725,214.27753840147545,38028100
2024-08-13,219.43438720703125,220.04923895369578,217.19312608520667,217.19312608520667,44155300
2024-08-14,219.8806610107422,221.17979111862692,217.8774142480331,218.7402072098891,41960600
2024-08-15,222.8557891845703,223.4805677293667,220.91204211865187,222.73678951211636,46414000
2024-08-16,224.17471313476562,224.94824111633486,221.79461423345728,222.06237857544772,44340200
2024-08-19,224.0160675048828,224.115243980586,221.18970440160442,223.84747960195193,40687800
2024-08-20,224.6309051513672,225.28543353253482,223.57970115675508,223.8970537532744,30299000
2024-08-21,224.52182006835938,226.08871448701353,223.1830285060583,224.64083485973637,34765500
2024-08-22,222.66734313964844,226.4457337259973,222.04256465043304,225.90029338876204,43695300
2024-08-23,224.9581756591797,226.32673228874265,222.46900358067504,223.78797197411373,38677300
2024-08-26,225.29534912109375,225.39452559231563,222.0326490158817,224.87883517993083,30602200
2024-08-27,226.1383056640625,226.95151036486342,223.02435510684418,224.12514736512034,35934600
2024-08-28,224.61111450195312,227.953153182598,223.80782130021973,226.0292444010517,38052200
2024-08-29,227.88369750976562,230.98773644426686,226.98125820388418,228.19113851748892,51906300
2024-08-30,227.10025024414062,228.4886300006117,225.59285569982603,228.28038060324323,52990800
2024-09-03,220.9219512939453,227.10026429068756,219.335218503661,226.65400042223428,50190600
2024-09-04,219.0178680419922,219.94014563997789,215.67581475954933,219.82114598403248,43840200
2024-09-05,220.53518676757812,223.60946073514918,219.6823205428289,219.79140861107143,36615400
2024-09-06,218.98814392089844,223.3714749735505,217.94685141211724,222.09216799264019,48423000
2024-09-09,219.07736206054688,219.43437615112032,214.91220775865924,218.9881123209545,67180000
2024-09-10,218.2840118408203,219.6426417511051,214.9320468059923,217.10388142289187,51591000
2024-09-11,220.8128662109375,221.2392917639212,216.08243282408242,219.6228241682371,44587100
2024-09-12,220.9219512939453,221.69547936785247,217.9964268983011,220.6541869199912,37455600
2024-09-13,220.65419006347656,222.18140791181287,220.06908820245332,221.72523244234597,36766600
2024-09-16,214.5254669189453,215.4179946756504,212.14536768072225,214.74362792854853,59357400
2024-09-17,214.99154663085938,215.1006346980314,212.72055067344832,213.96018092212807,45519300
2024-09-18,218.8592071533203,220.86245391858552,215.7353297749969,215.7452565018275,59894900
2024-09-19,226.97132873535156,227.91345980340301,222.7665127356472,223.12352684243388,66781300
2024-09-20,226.30690002441406,231.15633305592988,225.7317097608303,228.06222073119503,318679900
2024-09-23,224.5912628173828,227.54653724680347,223.93673438033483,225.45404067299683,54146000
2024-09-24,225.48377990722656,227.44736512534206,223.85738561877668,226.75316007712865,43556100
2024-09-25,224.4920654296875,225.40443143928672,222.16156973744518,223.06400902085235,42308700
2024-09-26,225.632568359375,226.6044343440515,223.5400716645202,225.41439220107114,36636700
2024-09-27,225.90029907226562,227.6159582791164,225.41437368594384,226.56475422029098,34026000
2024-09-30,231.06707763671875,231.06707763671875,227.74486252768645,228.13162655878588,54541900
2024-10-01,224.33340454101562,227.74485413807125,221.88389405688537,227.615942887257,63285000
2024-10-02,224.89866638183594,225.48376819979168,221.16986421787885,224.01605029183685,32880600
2024-10-03,223.79788208007812,224.928424248049,221.46738631978812,223.27228007150777,34044200
2024-10-04,224.91851806640625,226.10856009308668,222.27066963907552,226.00938361911108,37245100
2024-10-07,219.85089111328125,223.81770763530983,219.49387702101052,222.63757729885364,39505400
2024-10-08,223.89706420898438,224.10531361949606,221.3979653574062,222.43925780658088,31855700
2024-10-09,227.63577270507812,227.84403724277382,222.96485445261254,223.36153007501719,33591100
2024-10-10,227.1399383544922,227.59612897487835,225.28545621996582,225.89039642732237,28183500
2024-10-11,225.6623077392578,227.5068782710055,225.45404318616428,227.39779019694814,31759200
2024-10-14,229.3811798095703,229.8076053434174,226.70358155060512,226.80274288926017,39882100
2024-10-15,231.91006469726562,235.5198678698929,230.44233138687997,231.67205020936888,64751400
2024-10-16,229.85719299316406,230.19436878170097,227.93328446814013,229.67869350471682,34082200
2024-10-17,230.22412109375,231.91003031839952,228.60765355789445,231.49350124327563,32993800
2024-10-18,233.0504608154297,234.22066437649204,232.0686683201459,234.22066437649204,46431500
2024-10-21,234.5181884765625,234.8851292946414,232.5050303027995,232.5050303027995,36254500
2024-10-22,233.9033660888672,234.2603802258017,230.67041566655348,231.94970749678197,38846600
2024-10-23,228.84567260742188,233.18934216580075,225.8705597881939,232.13813805749322,52287000
2024-10-24,228.65724182128906,228.90516786821388,226.51515714412935,228.07212485007065,31109500
2024-10-25,229.49026489257812,231.28524701350278,227.665532857223,227.83412074973037,38802300
2024-10-28,231.46376037597656,232.78272881287972,230.62082086290692,231.38443735420992,36087100
2024-10-29,231.7315216064453,232.38605001867157,230.3927299983884,231.1662580738538,35417200
2024-10-30,228.19113159179688,231.53316974412917,227.64569128136466,230.68030356750913,47070900
2024-10-31,224.03587341308594,227.92335160936318,223.50034473329782,227.43741116025222,64370100
2024-11-01,221.060791015625,223.4805517303345,218.44269248362247,219.13688241025088,65276700
2024-11-04,220.16822814941406,220.94175615916865,217.88732075932978,219.15670083339904,44944500
2024-11-05,221.5962677001953,222.0921197268828,219.30543375805163,219.9599620650078,28111300
2024-11-06,220.8723602294922,224.19457534628128,219.35505401685137,220.76327216240406,54561100
2024-11-07,225.59286499023438,225.9895557457087,222.7070172967094,222.7665171269793,42137700
2024-11-08,225.32481384277344,227.01256271730918,224.77877343219782,225.53329235935942,38328800
2024-11-11,222.614501953125,224.07391236142266,219.90417483008153,223.37895863100835,42005600
2024-11-12,222.614501953125,223.9647042645822,221.7507748273854,222.93220374351736,40398300
2024-11-13,223.49806213378906,225.01703765642938,221.15506473467502,222.39605879884869,48566200
2024-11-14,226.57574462890625,227.22105551450989,223.3789425502784,223.398802697962,44923900
2024-11-15,223.37893676757812,225.28510187679902,222.65420045885568,224.76884409236825,47923700
2024-11-18,226.37718200683594,228.08479108540536,223.54770942404784,223.62713486361545,44633700
2024-11-19,226.6352996826172,228.50175961033486,225.02697621656037,225.34466282087314,36211800
2024-11-20,227.35011291503906,228.27340522879027,224.26251907255318,226.4168829534927,35169600
2024-11-21,226.8735809326172,228.50176458087773,224.0838286281757,227.230987838277,42108300
2024-11-22,228.21383666992188,229.05771868234922,226.4168797117104,226.4168797117104,38168300
2024-11-25,231.19223022460938,231.5694972757357,228.08479132337303,229.79240040372403,90152800
2024-11-26,233.366455078125,233.87279036398945,231.6489234928732,231.6489234928732,45986200
2024-11-27,233.23736572265625,233.99189975911068,232.12543996222107,232.78068842055708,33498400
2024-11-29,235.6201171875,236.09665470361549,232.28432427698263,233.11826871739834,28481400
2024-12-02,237.86383056640625,239.0551819380818,235.45134517492735,235.5605532676808,48137100
2024-12-03,240.90176391601562,241.01097200063165,237.17878168890522,238.08222901174219,38861000
2024-12-04,241.25918579101562,242.35126670496282,239.5118714775545,241.12019505186365,44383900
2024-12-05,241.28897094726562,242.77816394602775,240.38553870781277,242.23213863223197,40033900
2024-12-06,241.09039306640625,242.86750503393802,240.33587413565135,241.15989600483465,36870600
2024-12-09,244.97222900390625,245.45870413211114,240.0082527322972,240.08767817050534,44649200
2024-12-10,245.98487854003906,246.4217108653419,243.57237825215392,245.11121388943334,36914800
2024-12-11,244.714111328125,248.9930565140259,244.48575750906295,246.17352158557497,45205800
2024-12-12,246.17352294921875,246.9479020514793,243.9099357862414,245.11122473397327,32777500
2024-12-13,246.34228515625,247.49391610940148,244.46590277835176,246.0345210589055,33155300
2024-12-16,249.23130798339844,249.56886987487528,245.86573275817128,246.20329464964811,51694800
2024-12-17,251.6537322998047,252.0012166921119,247.98039295462073,248.2782345553336,51356400
2024-12-18,246.2628631591797,252.44797328398425,245.95509905753715,250.34325221557475,56774100
2024-12-19,247.99029541015625,250.18437937092787,245.30975151809525,245.7168011678756,60882300
2024-12-20,252.65647888183594,253.16279902630112,243.919877297432,246.2529371403228,147495300
2024-12-23,253.43084716796875,253.80809906094288,251.62395254537785,252.93444954402884,40858800
2024-12-24,256.3397521972656,256.34965954757746,253.45069916161225,253.64927033575188,23234700
2024-12-26,257.1537780761719,258.2260137599804,255.77380863027113,256.329771467171,27237100
2024-12-27,253.74853515625,256.836144148833,251.2367643772991,255.97238682838486,42355300
2024-12-30,250.38296508789062,251.67360197393796,248.9434149702759,250.4127477342041,35557500
2024-12-31,248.6157684326172,251.45516326793145,247.6328957457903,250.6212189481796,39480700
2025-01-02,242.09317016601562,247.30534614124213,240.07779666750318,247.13655758819394,55740700
2025-01-03,241.60665893554688,242.42074318433572,240.14724866814672,241.60665893554688,40244100
2025-01-06,243.23483276367188,245.54804748087855,241.4477983095151,242.54980162717402,45045600
2025-01-07,240.46495056152344,243.78088314896328,239.61114601786818,241.22939201717418,40856000
2025-01-08,240.95140075683594,241.95413364050106,238.32049944087447,240.17702168463396,37628900
2025-01-10,235.14356994628906,238.4297199246896,231.32130202918376,238.28079154222544,61710900
2025-01-13,232.7112274169922,232.97928640713008,228.06495238182922,231.84750029737077,49630700
2025-01-14,231.59930419921875,234.41883943252472,230.79514236813586,233.05871461446375,39435300
2025-01-15,236.1562042236328,237.2383625727966,232.74098609709984,232.94947976770305,39832000
2025-01-16,226.6154327392578,236.29518618874627,226.38709407905125,235.63995285298606,71759100
2025-01-17,228.32305908203125,230.6164138035219,226.833866130533,230.44764042021458,68488300
2025-01-21,221.0359344482422,222.8031087860845,217.79942737812888,222.38613659782595,98070400
2025-01-22,222.21737670898438,222.5052806842356,218.2064751614249,218.2064751614249,64126500
2025-01-23,222.04859924316406,225.394314538592,220.69839703644928,223.1208199792776,60234800
2025-01-24,221.1749267578125,224.00439930767484,219.81480209957203,223.160517277336,54697900
2025-01-27,228.2039337158203,230.47742834163907,222.36629236472388,222.40601266103107,94863400
2025-01-28,236.54339599609375,238.4594987479956,229.147074251248,229.18679454547646,75707600
2025-01-29,237.63546752929688,238.1318651456976,232.3240069742682,232.43321505583046,45486100
2025-01-30,235.87823486328125,239.05517683623282,235.50098294542886,236.95045561956258,55658300
2025-01-31,234.29969787597656,245.4090800423025,231.7581442550369,245.4090800423025,100959800
2025-02-03,226.36724853515625,230.15973381299622,224.0738938399255,228.33299411580026,73063300
2025-02-04,231.1227569580078,231.45038123633566,225.01705656002386,225.61273982041166,45067300
2025-02-05,230.7951202392578,230.99367626573292,226.625383087866,226.88350440739822,39620300
2025-02-06,231.5397186279297,232.11554171369926,228.7698112868805,229.62361584180033,29925300
2025-02-07,225.99000549316406,232.31410688860944,225.622660920367,230.92419948813392,39707200
2025-02-10,226.25833129882812,229.1803610121675,225.81108525741098,228.16660736242451,33115600
2025-02-11,231.19793701171875,233.7919821040532,226.7353950927951,226.8049592810601,53718400
2025-02-12,235.42198181152344,235.5114431570428,229.2698195612854,229.7866449882993,45243300
2025-02-13,240.053466796875,240.85851264219508,234.12991022790982,235.46171484030373,53614100
2025-02-14,243.10472106933594,244.04891051069433,239.51678905976664,239.77519417214083,40896200
2025-02-18,242.97552490234375,243.6811760890431,240.3615975750387,242.65747382373942,48822500
2025-02-19,243.373046875,244.50607717853558,241.67350900245088,243.16433914739287,32204200
2025-02-20,244.32720947265625,245.2713989598738,242.7966152101895,243.44265077076676,32316900
2025-02-21,244.04891967773438,247.16972378813352,243.72093519653038,244.44646835255205,53197400
2025-02-24,245.5894317626953,247.33866705271078,242.92580728065096,243.43268408373555,51326400
2025-02-25,245.52980041503906,248.47171215983582,243.41283173998391,246.48393846255715,48013300
2025-02-26,238.89065551757812,243.48240813544444,237.66817887883008,242.8363877176575,44433600
2025-02-27,235.84934997558594,240.9778097055873,235.61081167459415,237.94645181292123,41153600
2025-02-28,240.36158752441406,240.61005923211764,228.7927454203557,235.5014815283524,56833400
2025-03-03,236.57485961914062,242.53818006191796,234.66659889731284,240.31186830369816,47184000
2025-03-04,234.48770141601562,238.60240725621293,233.24534293735957,236.25683384188991,53798100
2025-03-05,234.29888916015625,235.1039350742086,227.82867612475383,233.98083809185871,47227600
2025-03-06,233.8914031982422,236.4059358119138,231.73467047090975,233.00684447444675,45170400
2025-03-07,237.60853576660156,239.89446338205195,233.32487071745646,233.67273718007357,46273600
2025-03-10,226.08937072753906,234.71631625547707,222.84930513729455,234.10009611136832,72071200
2025-03-11,219.48997497558594,224.45940937640347,216.12069905845206,222.44182022291236,76137400
2025-03-12,215.653564453125,220.39440897367027,213.5962265598192,218.7942505386503,62547500
2025-03-13,208.39817810058594,215.5144112677834,207.14588618522245,214.6298526174969,61368300
2025-03-14,212.1848907470703,212.64207016591416,208.29878985935505,209.95857893569573,60107600
2025-03-17,212.6917724609375,213.904315554563,208.6864099217596,212.00598815128762,48073400
2025-03-18,211.38980102539062,213.83475423543342,210.19713981325924,212.85081593904235,42432400
2025-03-19,213.92420959472656,217.4226803637017,212.443312738742,212.91044076829724,54385400
2025-03-20,212.7911834716797,216.16045933121794,210.92267131595005,212.6818553101102,48862900
2025-03-21,216.93568420410156,217.5021918152461,209.9884097524224,210.26669685360034,94127800
2025-03-24,219.38063049316406,220.1260455978378,217.24377992596973,219.64898417718916,44299500
2025-03-25,222.38218688964844,222.73005335992565,218.73462390108503,219.4204082670252,34493600
2025-03-26,220.1757354736328,223.64440576884627,219.12221792138408,222.1436270366165,34466100
2025-03-27,222.4815673828125,223.61459773398053,219.21167130142226,220.03659916949772,37094800
2025-03-28,216.56793212890625,222.44180687800483,216.34927581514728,220.31488968867507,39818600
2025-03-31,220.7720947265625,224.24075018814546,214.90815310911736,215.6833836525119,65299300
2025-04-01,221.8256072998047,222.31260214779184,217.5618242432653,218.46626491168394,36412700
2025-04-02,222.52133178710938,223.81338775742097,219.66888130946384,219.96705040499884,35905900
2025-04-03,201.94786071777344,206.22157697816277,200.0197179050274,204.28348559152053,103419000
2025-04-04,187.22842407226562,198.658123727335,186.19477317599058,192.7047355778497,125910900
2025-04-07,180.35069274902344,192.96310261722135,173.5524959881376,176.11672557211514,160466300
2025-04-08,171.36595153808594,189.17640027021665,168.17558356470508,185.55865310846366,120859500
2025-04-09,197.63438415527344,199.383619356675,170.8391909937331,170.89882177160354,184395900
2025-04-10,189.25592041015625,193.58926741380884,181.88128226075605,187.9141823452429,121880000
2025-04-11,196.9386749267578,198.32017705332044,184.92258644836306,184.96235041538483,87435900
2025-04-14,201.28195190429688,211.63825017625834,199.93026529720834,210.14742002868311,101352900
2025-04-15,200.90426635742188,202.26588634734406,198.5785750100267,200.62597928160577,51343900
2025-04-16,193.0823974609375,199.47308245703653,191.19400339685228,197.1473909296092,59732400
2025-04-17,195.77581787109375,197.61451451967758,193.2314700862815,195.99447418061752,52164700
2025-04-21,191.97918701171875,192.6152739871965,188.64966000796989,192.08851517151226,46742500
2025-04-22,198.51895141601562,200.35763286451953,194.7719939992729,194.92107095045932,52976400
2025-04-23,203.3492431640625,206.7284521815966,201.56024391015845,204.74067860292737,52929200
2025-04-24,207.09620666503906,207.5534013078127,201.69940812530302,203.6374845300284,47311000
2025-04-25,208.00062561035156,208.46775361357263,204.9394524859384,205.10841141990002,38222300
2025-04-28,208.85537719726562,210.2070638884643,206.1917677806294,208.71623364812058,38743100
2025-04-29,209.91885375976562,210.94255602883885,207.096203506044,207.41425458581946,36827600
2025-04-30,211.20095825195312,212.2743578831654,205.4065960245207,208.0205233254963,52286500
2025-05-01,212.01596069335938,213.2483707428857,207.62296725165953,207.80187477964563,57365700
2025-05-02,204.09466552734375,205.72463931330321,200.92416412992952,204.83013207172814,101010600
2025-05-05,197.6741485595703,202.85230555244996,196.99831280299983,201.85841873478097,69018500
2025-05-06,197.29647827148438,199.42339557924856,195.81559653234874,196.99832434112832,51216500
2025-05-07,195.05027770996094,198.22077891807172,192.0686174137577,197.95242524507105,68536700
2025-05-08,196.28271484375,198.82706269335065,193.48988012199126,196.51130456752412,50478900
2025-05-09,197.3163604736328,199.3140676367793,196.33240700583877,197.78348851905432,36453900
2025-05-12,209.776123046875,210.2538252478288,205.75556156059073,209.95526516858178,63775800
2025-05-13,211.9058380126953,212.3735786127325,207.99474788922345,209.4178625594749,51909300
2025-05-14,211.30873107910156,212.91098786371114,209.56714827780408,211.40824098508043,49325800
2025-05-15,210.43296813964844,211.93571508448807,208.53215118256114,209.9353730316401,45029500
2025-05-16,210.24388122558594,211.54759317457453,208.76105751069144,211.33859654598928,54737900
2025-05-19,207.7758026123047,208.47243269467637,203.2775387890809,206.90999202317107,46140500
2025-05-20,205.8650360107422,207.46729276724128,204.04383620537516,206.67113760639387,42496600
2025-05-21,201.11798095703125,206.04416933851562,199.74462882701684,204.1831685508297,59211800
2025-05-22,200.39149475097656,201.77480849030061,198.7394754118135,199.7446272097534,46742400
2025-05-23,194.33078002929688,196.74908474491085,192.52948833207407,192.73846975457602,78432900
2025-05-27,199.2470245361328,199.77447409530296,196.48038197740732,197.34620772495165,56288500
2025-05-28,199.4560089111328,201.75489573800118,198.9385057789635,199.6251894151235,45339700
2025-05-29,198.98826599121094,202.8297005493605,197.55518975609246,202.60081106845576,51396800
2025-05-30,199.88394165039062,200.98860329086406,195.83351057352263,198.4110493394953,70819900
2025-06-02,200.72984313964844,201.15778278546435,199.15744093584797,199.31667499872813,35423300
2025-06-03,202.29229736328125,202.78989241693247,199.99341064507593,200.38153417950807,46381600
2025-06-04,201.844482421875,205.24803106286797,201.12794426741362,201.93404589483336,43604000
2025-06-05,199.66502380371094,203.76520275563243,199.18732155240895,202.5212149488215,55126100
2025-06-06,202.93917846679688,204.7106157617459,201.07817770068002,202.0236053289331,46607700
2025-06-09,200.48104858398438,205.0091667110405,199.05793398755327,203.4069099948636,72862600
2025-06-10,201.6951904296875,203.36711781582227,199.60530017876516,199.63515466910712,54672600
2025-06-11,197.8238983154297,203.51638723180633,197.45568281643992,202.5211970741936,60989900
2025-06-12,198.24188232421875,198.71956936233477,196.4107360236097,198.12246436103902,43904600
2025-06-13,195.50511169433594,199.40625545491926,194.7587190445596,198.769334334526,51447300
2025-06-16,197.46563720703125,197.73434281232372,195.61458283187793,196.3510290449251,43020700
2025-06-17,194.69900512695312,197.4357781067605,194.27108064091922,196.25149936947125,38856200
2025-06-18,195.6344757080078,196.6197193940347,194.13174409281177,194.9975546383106,45394700
2025-06-20,200.03323364257812,200.72986375748766,195.9131467510872,197.28651411005004,96813500
2025-06-23,200.5308074951172,201.32696262150702,198.00303129313016,200.6601870689569,55814300
2025-06-24,199.3365936279297,202.46149014710028,199.23706853700068,201.61557243039425,54064000
2025-06-25,200.5905303955078,202.690382284235,199.65504919597097,200.48105886821313,39525700
2025-06-26,200.03323364257812,201.66534499125092,198.5006473897771,200.461158146952,50799100
2025-06-27,200.1128387451172,202.24254507531293,199.03803155248616,200.91894034324127,73188600
2025-06-30,204.1831512451172,206.39247448465787,198.30157410241034,201.03834688076608,91912800
2025-07-01,206.82041931152344,209.17901505124104,205.1484920031366,205.6759415551798,78788900
2025-07-02,211.41818237304688,212.31384736812728,207.1388620051612,207.9051626163094,67941800
2025-07-03,212.5228729248047,213.61757304735917,210.79123648824356,211.12959751601144,34955800
2025-07-07,208.94017028808594,215.18996325511674,207.79570768244494,211.65703516300363,50229000
2025-07-08,208.99989318847656,210.41306148236814,207.44739887083225,209.08947184941582,42848900
2025-07-09,210.12445068359375,210.31353924447487,206.22330706177223,208.52219391164948,48749400
2025-07-10,211.38833618164062,212.45318170934252,209.01977884626095,209.49746585002458,44443600
2025-07-11,210.14434814453125,211.1096837700706,208.85059795908091,209.55718962168862,39765800
2025-07-14,207.61656188964844,209.89555581124029,206.54175471753558,208.92025854176603,38840100
2025-07-15,208.10423278808594,210.8708604550018,207.915144211828,208.2137043224775,42296300
2025-07-16,209.14918518066406,211.37840160704656,207.63649175890595,209.28851120731298,47490500
2025-07-17,209.00982666015625,210.7812638030366,208.58188702565155,209.55718424596662,48068100
2025-07-18,210.16424560546875,210.77131219576944,208.69136845628208,209.85573909301036,48974600
2025-07-21,211.45799255371094,214.74212298846783,210.61209006251647,211.07983063398711,51377400
2025-07-22,213.3687744140625,213.91613206526756,211.20921348603295,212.11484021935428,46404100
2025-07-23,213.11996459960938,214.11515474984876,211.38834345684663,213.96588230147148,46989300
2025-07-24,212.73184204101562,214.65256693634578,212.50295255730364,212.87116805528336,46022600
2025-07-25,212.85125732421875,214.20471642869953,212.37355515647585,213.6673052863376,40268800
2025-07-28,213.0204620361328,213.81661722083774,212.03521828670327,213.00055398053098,37858000
2025-07-29,210.2538299560547,213.7767964509494,209.80599741985404,213.14982178903043,51411700
2025-07-30,208.0445098876953,211.36844143995228,206.72090512781878,210.88079278566187,45512500
2025-07-31,206.57162475585938,208.83069544134486,206.16359315375274,207.48719786288635,80698400
2025-08-01,201.40660095214844,212.5527283441607,200.530828701964,209.8557561748323,104434500
2025-08-04,202.37193298339844,206.88014336875773,200.70995198839026,203.52634207300898,75109300
2025-08-05,201.94398498535156,204.35234334482283,201.18764593221573,202.42167200915333,44155100
2025-08-06,212.22430419921875,214.3440641251077,204.60114383647723,204.6409599471833,108483100
2025-08-07,218.9716796875,219.78774287041324,215.5382768294147,217.8272171299369,90224800
2025-08-08,228.2468719482422,229.88892965735022,218.19544514014734,219.76784743364436,113854000
2025-08-11,226.34388732910156,228.71513292468896,223.9327956372812,227.08116933177635,61806100
2025-08-12,228.80479431152344,229.95057099439725,226.23430307406312,227.17083074525974,55626200
2025-08-13,232.47125244140625,234.1351043372746,229.58191650034667,230.2195756343437,69878500
2025-08-14,231.92327880859375,234.25466305951576,230.0003892485326,233.1985666998313,51916300
2025-08-15,230.7376708984375,233.41777326838445,228.4959516198378,233.13880497436926,56038700
2025-08-18,230.0402374267578,232.26202593201924,229.26310933608104,230.8472538899505,37476200
2025-08-19,229.71145629882812,232.0129522601839,228.50591803460907,230.42880766374827,39402600
2025-08-20,225.17819213867188,229.6217843388592,224.93908515924198,229.13358225147155,42263900
2025-08-21,224.072265625,225.6863136691638,222.95639256938466,225.43723377620466,30621200
2025-08-22,226.9217529296875,228.2468598588307,224.58041092619504,225.33760837029214,42477800
2025-08-25,226.323974609375,228.45609804536198,225.3973894325087,225.6464693442017,30983100
2025-08-26,228.46604919433594,228.6453946309622,223.86305742355088,226.03502689374838,54575100
2025-08-27,229.64170837402344,230.05018785299507,227.41990473660533,227.76862267507164,31259500
2025-08-28,231.70408630371094,232.55096405412047,228.4959359400532,229.9704999102399,38074700
2025-08-29,231.28562927246094,232.52107103838586,230.51845893056873,231.65426265633033,39418400
2025-09-02,228.87454223632812,230.00038826150748,226.1346633063032,228.4062708029861,44075600
2025-09-03,237.5923309326172,237.9709372370204,233.49745685978084,236.33697373754433,66427800
2025-09-04,238.8975067138672,239.0170601981439,235.8687018920251,237.57239985348932,47549400
2025-09-05,238.80784606933594,240.43185187342493,237.61226559630578,239.1167027112504,54870400
2025-09-08,237.0045166015625,239.2661511981365,235.47017586985078,238.41928864081726,48999500
2025-09-09,233.48751831054688,237.90120710535396,232.5011563745861,236.12775932745953,66313900
2025-09-10,225.955322265625,231.56460664903227,225.118417424808,231.33545739080094,83440800
2025-09-11,229.1833953857422,229.60184779162614,225.81583028738913,226.04499474029723,50208600
2025-09-12,233.2085418701172,233.6469097348115,228.17712472443904,228.37638560886936,55824200
2025-09-15,235.828857421875,237.31337916896246,234.16500543557729,236.12775635652346,42699500
2025-09-16,237.2735137939453,240.33222235518573,235.45026224943368,236.30708253667353,63421100
2025-09-17,238.11044311523438,239.21635855568803,236.85507060288438,238.09051246512186,46508000
2025-09-18,237.0045166015625,240.31228984200703,235.77903252032195,239.08682096339746,44249600
2025-09-19,244.59645080566406,245.3935094903633,239.32592704772566,240.342162048153,163741300
2025-09-22,255.13751220703125,255.69547916115815,247.2068166293636,247.38616206443075,105517400
2025-09-23,253.4936065673828,256.3929004583055,252.64674396870498,254.93828225227924,60275200
2025-09-24,251.38140869140625,254.79879299943292,250.11607847800005,254.2807025242173,42303700
2025-09-25,255.9246368408203,256.2235509944071,250.78363873545524,252.27811828759639,55202100
2025-09-26,254.51980590820312,256.6519291955366,252.84598111295833,253.16481067495934,46076300
2025-09-29,253.4936065673828,254.06151607705354,252.07883445903423,253.6231329894407,40127700
2025-09-30,253.69287109375,254.97811672142575,252.17846100632588,253.92202035086734,37704300
2025-10-01,254.5098419189453,257.83756097799323,253.9917514638179,254.10134722927504,48713900
2025-10-02,256.18365478515625,257.229778167004,253.21461153357077,255.63566078088252,42630200
2025-10-03,257.07037353515625,258.2858846694617,253.01536064819075,253.73271197999827,49155600
2025-10-06,255.7452850341797,258.1165305885388,254.1113214696764,257.0404883747525,44664100
2025-10-07,255.5360870361328,256.4526841311554,254.48993311029045,255.86485915808862,31955800
2025-10-08,257.1102294921875,257.56852798749276,255.16739414069707,255.5758888188916,36496900
2025-10-09,253.10501098632812,257.0504430809132,252.20832947523735,256.86113993459566,38322000
2025-10-10,244.3673095703125,255.436420799504,243.10197943699816,254.00171816056968,61999100
2025-10-13,246.74850463867188,248.77103211910116,244.6562274921306,248.46217548947354,38142900
2025-10-14,246.8581085205078,247.93413549962378,243.79940008876653,245.69241642712313,35478000
2025-10-15,248.42233276367188,250.89321639065437,246.559219921403,248.57178982967116,33893600
2025-10-16,246.53929138183594,248.1234359576197,244.22783772705108,247.33635013275978,39777000
2025-10-17,251.36148071289062,252.4474806979352,246.3599669580113,247.1072067041429,49147000
2025-10-20,261.2748107910156,263.406949073437,254.68915362058422,254.9481912125226,90483000
2025-10-21,261.8028869628906,264.3136317818121,260.86634411857244,260.9161783410852,46695900
2025-10-22,257.4988098144531,261.882609922878,254.4899051977633,261.6833338430701,45015300
2025-10-23,258.6246643066406,259.66084534801524,257.06046542540827,258.9833552231903,32754900
2025-10-24,261.85272216796875,263.15789839957887,258.22610426270086,260.2287163700197,38253700
2025-10-27,267.8206481933594,268.1295048126629,263.6759553344934,263.9051197703755,44888200
2025-10-28,268.00994873046875,268.896687690681,267.16307106420925,267.9999758056659,41534800
2025-10-29,268.7073974609375,270.4110953948544,266.1269030442272,268.28892986747474,51086700
2025-10-30,270.401123046875,273.1310593223432,267.49188695276854,270.98894793982623,69886500
2025-10-31,269.3749084472656,276.29934139392066,268.1693703205502,275.97053891965146,86167100
2025-11-03,268.0597839355469,269.8531775103368,265.2701011373342,269.42476736726525,50194600
2025-11-04,269.0461730957031,270.49081837885313,266.6350661079627,267.3424445625432,49274800
2025-11-05,269.1457824707031,270.70003856307255,265.94757476828966,267.6213843438783,43683100
2025-11-06,268.7771301269531,272.3937751745226,266.90407480138714,266.90407480138714,51204000
2025-11-07,267.48193359375,271.2878818962731,265.7881780523408,268.80702532983145,48227400
2025-11-10,268.6985778808594,272.98692304032335,266.733924572705,268.2298525605972,41312400
2025-11-11,274.5028076171875,275.16101963639426,269.0675899882029,269.07757258136417,46208300
2025-11-12,272.7276916503906,274.9815668240292,270.96250711171905,274.2535373864602,48398000
2025-11-13,272.20904541015625,275.9488654308047,271.3513641926929,273.3658696206449,49602800
2025-11-14,271.6705322265625,275.21088338895913,268.8681625557137,270.31420819279356,47431300
2025-11-17,266.73394775390625,269.7557213346742,265.00866346949266,268.09027174019775,45018300
2025-11-18,266.7139892578125,269.97510130800674,264.59974924229334,269.25705465795,45677300
2025-11-19,267.83099365234375,271.47107967039307,264.77930243197466,264.80921977983166,40424500
2025-11-20,265.5272521972656,274.68232536305425,265.1981613886433,270.09480618650156,45823600
2025-11-21,270.75299072265625,272.5879921198442,264.9488130991126,265.2280517805383,59030800
2025-11-24,275.1710205078125,276.24807542504453,270.164627965921,270.164627965921,65585800
2025-11-25,276.2181396484375,279.6188865292943,274.5028075356392,274.52274228722064,46914200
2025-11-26,276.7966003417969,278.7712367451818,275.8791146523587,276.2082055022192,33431400
2025-11-28,278.0930480957031,278.242634823177,275.2407959413455,276.50736791500816,20135600
2025-12-01,282.3315124511719,282.65065109438723,275.3904143522869,277.2553332443013,46587700
2025-12-02,285.4131164550781,286.619823290159,281.86278279875575,282.231773534172,53669500
2025-12-03,283.378662109375,287.8365294074879,282.5309633672564,285.4231155973949,43538700
2025-12-04,279.9380187988281,283.95707766942763,277.83373081751637,283.3287830094401,43989100
2025-12-05,278.0232238769531,280.37683325787106,277.2951945750906,279.77845592816414,47265800
2025-12-08,277.1356506347656,278.9108174051644,275.4003533668138,277.374989388386,38211800
2025-12-09,276.4275817871094,279.2698514894354,276.16830825817004,277.40493251311347,32193300
2025-12-10,278.0232238769531,278.9905919368044,275.68957968235776,276.9960211276047,33038300
2025-12-11,277.2752685546875,278.8310314000742,273.0667227973629,278.34237127554803,33248000
2025-12-12,277.5245666503906,278.4620173164318,276.06853855760204,277.14559334691864,39532900
2025-12-15,273.3658752441406,279.3894873363706,272.0993337942639,279.3894873363706,50409100
2025-12-16,273.8645324707031,274.752131096348,271.0522107383373,272.07941349564567,37648600
2025-12-17,271.10205078125,275.41033087528734,270.9026119684932,274.2634587890498,50138700
2025-12-18,271.4511413574219,272.88723490520505,266.22537510199504,272.8672697170699,51630700
2025-12-19,272.9271240234375,273.8545921928022,269.1673383776201,271.4112306527045,144632000
2025-12-22,270.23443603515625,273.13654030849926,269.7756932559407,272.1192896847017,36571800
2025-12-23,271.62066650390625,271.7603010837797,268.8282792538215,270.1048034873943,29642000
2025-12-24,273.06671142578125,274.6823088952694,271.46109654935304,271.60070067851706,17910600
2025-12-26,272.6578674316406,274.6225212124231,272.1193247047194,273.4158142002898,21521800
2025-12-29,273.0168762207031,273.61522314661676,271.6107000753325,271.9497734782625,23715200
2025-12-30,272.33868408203125,273.3359694836473,271.54086793463244,272.06942798009953,22139600
2025-12-31,271.12200927734375,272.9370761103812,271.0123224859311,272.3187639976345,27293600
