Date,Close,High,Low,Open,Volume
2021-01-04,207.56536865234375,212.6284013521997,204.81931110024084,212.1802596114298,37130100
2021-01-05,207.76559448242188,208.35676854372653,205.66791808676217,207.15536108460975,23823000
2021-01-06,202.3783721923828,206.42117742109096,202.0827924454249,202.3020912013757,35930700
2021-01-07,208.1374969482422,209.1386651817966,203.7705219584249,204.08516111409094,27694500
2021-01-08,209.40562438964844,210.32098186986488,206.93608695061204,208.50934079732144,22956200
2021-01-11,207.37469482421875,208.72864985432813,206.65003259041848,208.30911162404655,23031300
2021-01-12,204.9337615966797,207.00284934438994,203.39865544372427,206.4307490700466,23249300
2021-01-13,206.27813720703125,206.67860148264808,203.98022154419837,204.06604674898907,20087100
2021-01-14,203.11253356933594,207.34603336672868,202.84555741536607,205.86812030425375,29480800
2021-01-15,202.759765625,204.53325868233262,202.16860612225966,203.58931232139068,31746500
2021-01-19,206.37350463867188,206.88838315319578,202.74070783603537,203.808612636003,30480900
2021-01-20,213.9060821533203,215.28864064220252,207.1839703739338,207.57490501983722,37777300
2021-01-21,214.5067901611328,215.77493445654972,212.07538612252483,214.24934361492166,30709400
2021-01-22,215.44119262695312,219.3695836914555,215.29817486027105,216.51864163299658,30172700
2021-01-25,218.85470581054688,219.09307847095562,213.79167283132318,218.46377115568953,33152100
2021-01-26,221.5245361328125,223.28848551730056,219.37918166989093,221.0763942588507,49169600
2021-01-27,222.06796264648438,229.2572901681162,219.43633373660575,226.93077069531466,69870600
2021-01-28,227.8175506591797,231.35500794119304,224.15614946613,224.65196875762058,49111200
2021-01-29,221.17169189453125,226.949842757254,220.59006203100665,225.014257951401,42503100
2021-02-01,228.50405883789062,231.22151337138575,221.61985426554327,224.12753966421562,33314200
2021-02-02,228.37054443359375,231.040321211228,227.5886896521305,230.0773008751623,25916300
2021-02-03,231.69821166992188,233.691003496613,228.13215165180748,228.42774595379248,27158100
2021-02-04,230.75428771972656,231.9270918000538,229.19056349507096,231.37406542742858,25296100
2021-02-05,230.93540954589844,231.9651810913466,229.23819752167216,230.96401309862384,18054800
2021-02-08,231.19285583496094,232.3465712580115,229.61005802324223,231.84122242822716,22211900
2021-02-09,232.43240356445312,233.37634993048727,230.1535616523339,230.62076272671874,23565000
2021-02-10,231.52659606933594,234.48240822021572,229.68635163313002,233.6051986080707,22186700
2021-02-11,233.11895751953125,233.74825035400383,230.88777811855226,233.39546343401466,15751100
2021-02-12,233.59571838378906,233.89129820652983,231.44081984540654,232.58500590564486,16561100
2021-02-16,232.36569213867188,234.68268221946707,231.6219705199263,233.63383657810064,26728500
2021-02-17,233.37869262695312,233.4838187487911,230.2631591892616,230.62632480699676,21653500
2021-02-18,232.9868621826172,233.12065774190984,230.1867070550558,231.0850549171446,16925600
2021-02-19,230.29185485839844,233.05378919300554,229.5368541021117,232.94866305919183,25262600
2021-02-22,224.11805725097656,227.38650364294293,222.1015579602541,226.89910873117762,36446900
2021-02-23,222.9330291748047,224.4238980172316,218.59420361274584,220.12330808748274,30228700
2021-02-24,224.1563262939453,224.77751683776836,218.85226200566777,219.81750035690945,26339700
2021-02-25,218.8426971435547,224.1945337785198,217.78188435010034,221.79576547197954,39542200
2021-02-26,222.08248901367188,224.93998302961114,219.36832759287157,221.2701494526982,37819200
2021-03-01,226.4403839111328,226.94689663933326,222.81832355367666,225.44646168712504,25324000
2021-03-02,223.50643920898438,226.78445210469692,223.10505255325617,226.50729480119938,22812500
2021-03-03,217.47605895996094,223.22929686707522,217.18935003891934,221.87222352894128,34029500
2021-03-04,216.682861328125,222.18762655907133,214.32231379550353,216.69242752888238,44727800
2021-03-05,221.3370361328125,222.9330311039714,216.42480728718476,219.34920613150112,41872800
2021-03-08,217.3135986328125,223.0286010289096,217.06512533998108,221.11722762448446,35267400
2021-03-09,223.4204559326172,224.9495606251016,221.40395622843207,222.5603436572341,33080500
2021-03-10,222.12071228027344,226.49775933721102,221.75754664949608,226.49775933721102,29746800
2021-03-11,226.6219482421875,228.57154231879062,223.9269052669743,224.5481102520462,29907600
2021-03-12,225.3031463623047,225.3700514329935,222.89481172208454,223.6402462040966,22653700
2021-03-15,224.40480041503906,224.7679660415921,221.53774020361377,224.54816217518373,26034900
2021-03-16,227.17630004882812,229.42215512507744,225.4847304458189,225.80966043568304,28092200
2021-03-17,226.53599548339844,227.9790919022909,222.89483106316706,225.68543480408619,29562100
2021-03-18,220.4960174560547,223.812251183883,220.1233002587038,222.25447733162704,34833000
2021-03-19,220.14244079589844,222.16849196675588,219.18675408019257,220.78274914550676,46430700
2021-03-22,225.53250122070312,226.40216500266618,219.9417283999428,220.0659723327752,30127000
2021-03-23,227.05201721191406,230.36825077878098,226.56462231061073,226.96600892038168,31638400
2021-03-24,225.0260009765625,227.45343882328078,224.8922054193831,227.31009164866788,25620100
2021-03-25,222.0442657470703,226.44043082319325,221.30839741674015,224.87310506766323,34061900
2021-03-26,226.00079345703125,226.22061190405913,221.28926488550835,221.28926488550835,25479900
2021-03-29,224.8157196044922,226.30658835779485,221.60461206560177,226.1058877567179,25227500
2021-03-30,221.5759735107422,223.48734696493838,220.85920846541862,223.18152021260835,24792000
2021-03-31,225.322265625,228.50470420290134,222.09203979381766,222.5890009792201,43623500
2021-04-01,231.6106414794922,232.07891855662916,227.50118639346258,227.90257299498833,30338000
2021-04-05,238.03289794921875,238.88345854528154,231.9451636368873,232.0025025067712,36910600
2021-04-06,236.8765106201172,238.34826175018762,235.93994171916324,236.63758894050287,22931900
2021-04-07,238.82614135742188,239.81049766022446,236.2362381235867,236.82875931252147,22719800
2021-04-08,242.02764892578125,242.87820947789177,240.83304058952368,241.5689234077923,23625200
2021-04-09,244.51243591308594,244.64623146115184,241.2535409277266,241.66447918870722,24326800
2021-04-12,244.5697479248047,246.25176558165424,243.33690411198933,243.4229269840742,27148700
2021-04-13,247.03541564941406,247.70440792399626,245.44897242088936,245.85993981739898,23837500
2021-04-14,244.2639923095703,247.36040829232343,243.85305397413032,246.07025440967453,23070900
2021-04-15,248.00067138671875,248.41160962288492,246.3091166131629,246.50023643300656,25627500
2021-04-16,249.18576049804688,249.43424839254266,246.1849191890606,247.97204879271342,24878600
2021-04-19,247.27432250976562,249.89292342448383,246.39510723800427,248.6600796391516,23209300
2021-04-20,246.81568908691406,248.66972386310928,245.45860096089334,246.39518455013285,19722900
2021-04-21,249.03285217285156,249.12842668538718,245.85042797866416,247.46554099520336,24030400
2021-04-22,245.77395629882812,250.1796578937831,244.31174226259176,248.67922280670476,25606200
2021-04-23,249.57754516601562,249.9216075016117,245.86947655978645,246.4524605409876,21462600
2021-04-26,249.95980834960938,250.81038338816714,248.64098539430344,250.064949037238,19763300
2021-04-27,250.3612823486328,251.52722145867926,248.59325586365082,249.98855048214975,31014200
2021-04-28,243.27960205078125,245.1718722009615,241.74094589292326,244.73223532354257,46903100
2021-04-29,241.3204345703125,244.7513607810362,237.96597962533752,244.13972189863736,40589000
2021-04-30,241.0050811767578,241.8652080140417,238.5394221580297,238.67321772170197,30945100
2021-05-03,240.69923400878906,243.0788989553063,239.99202065638994,242.17098499525994,19626600
2021-05-04,236.8096160888672,240.07807764415418,234.8695731306713,239.84870757177288,32756100
2021-05-05,235.5481414794922,238.4438714978055,234.92695085372995,238.02336694631293,21901300
2021-05-06,238.66360473632812,238.787848657748,233.84695080570577,235.52895393109677,26491100
2021-05-07,241.27264404296875,243.03110387686792,240.03980016990303,240.97636894929843,27032900
2021-05-10,236.22662353515625,240.5750007899498,236.16928466831055,239.75310967237866,29299900
2021-05-11,235.3187255859375,235.67233957139493,231.82092344292948,233.71317897375303,33641600
2021-05-12,228.40911865234375,233.5507177051827,227.52033703130473,231.43864370631172,36684400
2021-05-13,232.2605438232422,234.71666570840435,230.72188761127558,231.08505323354785,29624300
2021-05-14,237.15365600585938,238.1380121702755,234.61154038910965,234.69754869490393,23901100
2021-05-17,234.31524658203125,235.66276826258542,232.728817820849,235.6245472128188,24970200
2021-05-18,232.30831909179688,235.4907574747066,232.13628790705022,235.35696192329095,20168000
2021-05-19,232.88304138183594,232.98841024168715,228.5533736882799,229.23346982489758,25739800
2021-05-20,236.1015625,237.50966697541784,233.59188645475157,233.68768164182094,21800700
2021-05-21,234.84674072265625,237.8736876013957,234.43485354561165,237.14569382470793,21863100
2021-05-24,240.22055053710938,240.58455477429075,237.08823444167555,237.35644347445256,21411500
2021-05-25,241.1209259033203,242.10755492818512,240.25882769668084,241.16882349619877,17704300
2021-05-26,240.90065002441406,242.28959272486048,240.19180354769114,240.84316413471055,17771600
2021-05-27,238.81239318847656,240.89102004265496,238.7549219250152,240.59407543724274,24426200
2021-05-28,239.16683959960938,241.465792745696,239.0518970580082,240.43126602240122,18270200
2021-06-01,236.98287963867188,240.70908529709757,236.56141871663016,240.65161401755992,23213300
2021-06-02,236.88710021972656,238.77415186082183,235.48856907342105,237.68215369529995,19406700
2021-06-03,235.36402893066406,235.96749192379863,232.76813099742398,234.89465583263,25307700
2021-06-04,240.23008728027344,241.05387621610285,237.0881979939227,237.32767135182317,25281100
2021-06-07,243.12295532226562,243.39116434225733,239.2913811894754,239.45422133616353,23079200
2021-06-08,241.93515014648438,245.23030587769338,241.8776642631127,244.4160906173062,22455000
2021-06-09,242.9122314453125,244.77054734442802,242.54824182099543,243.12296920395218,17937600
2021-06-10,246.40850830078125,246.61924603470985,242.98883619347527,243.58272547111343,24563600
2021-06-11,247.0311737060547,247.60588643152087,245.80504193815267,247.12693967190552,18999700
2021-06-14,248.94692993164062,249.00440119707386,245.98701359889554,247.04070218614936,19150500
2021-06-15,247.4813690185547,249.04274021679365,246.83000840597398,248.83200246183026,18038900
2021-06-16,246.5426025390625,249.60784381199792,243.70723170634307,248.47753664071396,27220000
2021-06-17,249.9144287109375,250.72864409894245,245.23034431439226,245.28781559047806,27565500
2021-06-18,248.50633239746094,251.25548238283758,247.8549717580351,248.69792281262997,37202200
2021-06-21,251.57151794433594,252.42402776645838,247.05984876020153,248.87984015393747,26696100
2021-06-22,254.33033752441406,254.5985465614589,251.35127324580915,251.65780621174397,24694100
2021-06-23,254.10035705566406,255.59466833497052,253.29573015392864,254.79004143323513,19518700
2021-06-24,255.46066284179688,256.57182299669046,254.2920314058393,254.9529803706691,21446900
2021-06-25,253.86090087890625,255.99701370596514,253.61186847057874,255.01997295194124,25611100
2021-06-28,257.4051208496094,257.5775346492932,254.7134426795022,254.98165166765068,19590000
2021-06-29,259.97222900390625,260.2117023226704,256.69625037345827,257.5487601873158,19937800
2021-06-30,259.4932861328125,259.93390886061087,258.24803655019747,259.29213672725416,21656500
2021-07-01,260.16387939453125,260.393764479173,258.24809240227785,258.2576514590782,16725300
2021-07-02,265.9590759277344,266.29434443811215,261.02593114886895,261.33246402879064,26458000
2021-07-06,265.9687805175781,267.6067706350027,262.75024233617495,266.32319652571005,31565600
2021-07-07,268.14312744140625,268.871135874846,265.48018461117033,267.6354450424523,23260000
2021-07-08,265.7388000488281,266.9936380649696,263.2961543378193,265.24067677167557,24618600
2021-07-09,266.2369079589844,266.3422622068924,263.72723179599774,264.1103833296634,23916700
2021-07-12,265.6429443359375,267.98976509306584,264.9340835028686,267.40546428349097,18931700
2021-07-13,269.14898681640625,270.9402433879178,265.71015188424843,265.8346535119341,26120100
2021-07-14,270.6145324707031,271.71610427305967,268.73703995210985,270.4612659855572,23113700
2021-07-15,269.1968078613281,270.6145007583491,268.04732397373385,270.1259657212331,22604200
2021-07-16,268.9285583496094,272.1375069226489,267.6928677414366,270.1929845890148,26186800
2021-07-19,265.34613037109375,268.56463901594384,262.893924956181,267.1852698159811,32935600
2021-07-20,267.558837890625,269.13935642812294,264.6276859170567,266.3231470052684,26259700
2021-07-21,269.5512390136719,269.66618156241043,265.6143105564195,267.15650513964744,24364300
2021-07-22,274.0916442871094,274.35985328231106,271.4861729483263,271.8884718248349,23384100
2021-07-23,277.4729309082031,277.7794345096999,274.4363966587536,275.26975904992867,22768100
2021-07-26,276.8790588378906,277.49212460846854,274.57056160813,276.83117586382014,23176100
2021-07-27,274.474853515625,277.3868291520572,271.03601883432543,277.2431509516731,33604100
2021-07-28,274.16827392578125,277.9327882988668,271.8788944693324,276.8216283504645,33566900
2021-07-29,274.43646240234375,276.467191757566,274.0341343071643,274.187400760919,18168300
2021-07-30,272.9134216308594,274.58973513938895,271.9555281974139,273.16248327798326,20944800
2021-08-02,272.8272399902344,274.69511481884285,271.79269861607827,274.3023749668568,16267400
2021-08-03,275.0303039550781,275.13568741301975,272.0416817065015,273.40190297737007,17879000
2021-08-04,274.44610595703125,275.4806181874648,272.66440865186024,274.16830862662323,16191300
2021-08-05,277.32928466796875,277.4346681421628,274.0533056335625,274.8004613109347,13900200
2021-08-06,277.2718505859375,277.31017451192804,275.5093300140489,276.3618692799431,16589300
2021-08-09,276.1893615722656,279.27377915914406,275.69126758135627,277.54958291688706,16117600
2021-08-10,274.37896728515625,277.07064519895766,273.1911889125419,276.6395815082073,18616600
2021-08-11,274.8675537109375,276.50554342388034,273.82342406292844,275.1165861447633,13955900
2021-08-12,277.6071472167969,277.7604137036559,274.28325519156255,274.5610525260316,14561300
2021-08-13,280.51910400390625,280.56698698359713,277.1185647007926,277.2910077393741,18249000
2021-08-16,282.1954650878906,282.4062028526903,277.8082959568594,280.84483158157366,22507600
2021-08-17,280.7393798828125,281.074648413446,278.8235931164337,280.0784603423911,20075300
2021-08-18,279.0214538574219,282.9467339501036,278.5799583297278,280.27869394112855,21813000
2021-08-19,284.8182373046875,285.490058075922,277.01567958739867,277.0636542331081,29850500
2021-08-20,292.1025390625,293.52294577742174,286.0562697795544,287.64942035089217,40817600
2021-08-23,292.38092041015625,293.1007158957985,289.6936956458467,291.03730802800146,22830200
2021-08-24,290.43267822265625,293.34065084403505,289.83765196769906,292.7360179434968,18175800
2021-08-25,289.8472595214844,292.3233431392219,288.3212965855392,292.04501401347983,20006100
2021-08-26,287.0447998046875,290.25028508302194,286.9104532290402,288.8682755956676,17666100
2021-08-27,287.6494445800781,288.7531250293206,284.87581884584097,286.94883316309097,22605700
2021-08-30,291.3636169433594,291.9682498481404,288.9355079671407,288.9930892639242,16348100
2021-08-31,289.7224426269531,292.23692312498054,289.35774161636004,292.16015783837884,26285300
2021-09-01,289.6744384765625,292.8991369938273,289.34813475379116,290.6725629329241,18983800
2021-09-02,289.0218811035156,291.14287031326114,288.0909444169398,290.02961237848854,16285600
2021-09-03,289.01226806640625,290.41346160185293,288.16770342962735,288.8682855530755,14747900
2021-09-07,288.09088134765625,288.964236546015,286.19064038486357,288.8874712629774,17180400
2021-09-08,288.1197204589844,288.50360551584674,285.49007706649724,287.70704475507114,15046800
2021-09-09,285.2789306640625,289.9720110672176,285.03899884685137,288.70516404309024,19927000
2021-09-10,283.8009033203125,287.84137565254247,283.48420625224344,286.40178494786,19633400
2021-09-13,285.0294189453125,286.51701392472955,282.2366088163071,285.56686392320825,23652900
2021-09-14,287.71661376953125,289.2521830846945,286.09467252451213,287.4958659786448,21853400
2021-09-15,292.5440368652344,293.02390044019006,289.66485541550026,291.0468648544565,28356300
2021-09-16,292.92803955078125,293.0144115143473,288.6476629433368,291.5268455497771,19550800
2021-09-17,287.79345703125,292.23699967637344,287.467153222757,291.92030251442793,41372500
2021-09-20,282.44775390625,286.6897617780861,277.86025823894886,284.395999300158,38278700
2021-09-21,282.9276123046875,285.5572851714307,282.22703008079156,283.78178370843756,22364100
2021-09-22,286.555419921875,288.12938705763713,282.6493513126284,284.7799475033804,26626300
2021-09-23,287.4958801269531,288.781911071233,285.5476350659735,286.81448200996863,18604600
2021-09-24,287.2943420410156,287.72620170617705,284.971789339243,286.21945226743645,14999000
2021-09-27,282.3229675292969,284.5303284068583,281.14249251178086,284.21363131308823,23571700
2021-09-28,272.1018981933594,279.069528394677,271.3629186493173,278.1289850116234,43186200
2021-09-29,272.5625915527344,275.2210260039281,271.6124707643782,273.6182975889951,26353700
2021-09-30,270.5663146972656,276.23827687630234,270.278378953934,274.20365982638276,32343600
2021-10-01,277.4571228027344,278.301687374449,269.9616561615891,270.75821680304153,30086300
2021-10-04,271.70831298828125,276.1614605902717,268.9635076643741,275.8255502626874,31350700
2021-10-05,277.130859375,278.7047968877301,272.61052278816857,272.61052278816857,24993000
2021-10-06,281.3056640625,281.8047410195279,274.0117597743309,274.2708756099428,28002600
2021-10-07,282.9755554199219,284.69347521548,282.08301620161416,283.29225249177205,20430500
2021-10-08,282.9755554199219,284.69347521548,281.9294563433223,284.29037692639525,17685700
2021-10-11,282.3805847167969,285.96995558239155,280.96017771512624,281.12334424926865,19298600
2021-10-12,281.0849609375,283.5418606976777,280.57630659547624,283.4458821015579,17974100
2021-10-13,284.37677001953125,285.307706593833,281.67033223174053,283.0331577701654,23416300
2021-10-14,290.55743408203125,291.05648172385895,285.83556297646015,287.1599913093113,27262900
2021-10-15,291.9585876464844,292.1889420783388,288.4171921254101,290.16390256494424,25384800
2021-10-18,294.9146423339844,295.7975751445461,290.49989041550754,291.34445521764906,22729300
2021-10-19,295.8167724609375,296.84365846900545,294.8474384623916,295.9319350570906,17682100
2021-10-20,295.0296936035156,297.2274767312903,293.7820308753333,296.7571905643281,16537100
2021-10-21,298.2448425292969,298.49435169218145,294.0220192983192,294.79942529790196,16918100
2021-10-22,296.709228515625,298.56149475669326,295.40398445260985,297.89928072629334,17449300
2021-10-25,295.7207336425781,296.93957658837917,294.1179764030474,296.9011793012965,17554500
2021-10-26,297.62103271484375,299.8188165343258,296.1718643410095,298.47520410987,28107300
2021-10-27,310.15509033203125,312.9670843453073,303.27383257307736,303.27383257307736,52588700
2021-10-28,311.2875671386719,311.78661480927093,308.41796248920383,311.2683538472866,26297900
2021-10-29,318.2646789550781,318.62937991946643,310.85558497336075,311.07633273826553,34766000
2021-11-01,316.1054382324219,318.14005582207426,313.22625576663637,318.01528656238753,27073200
2021-11-02,319.7140197753906,320.02113959793417,316.7100680798578,317.0075812552724,26487100
2021-11-03,320.5489501953125,321.41269899381626,317.3338575616903,320.4529715980219,21500100
2021-11-04,322.8906555175781,322.98663410539643,316.2397523503642,319.48363531417436,23992200
2021-11-05,322.5259094238281,325.1459751338179,320.951972099872,324.8772526985791,22570100
2021-11-08,323.4184265136719,324.0518499151926,320.9711341206324,323.71593957200855,20897000
2021-11-09,322.4204406738281,325.07887510156485,321.0576148411244,323.53369871472705,21307400
2021-11-10,317.4778137207031,321.15358608184823,316.633278207057,321.0960047806577,25500900
2021-11-11,319.0421447753906,320.3281758647958,317.19948472941286,317.9096735712425,16849800
2021-11-12,323.1593017578125,323.64877193823406,320.34730845825095,320.47207766412674,23831000
2021-11-15,322.5355529785156,324.27265700662844,320.57770113283607,323.9463532471072,16723000
2021-11-16,325.8370056152344,326.95029273164477,321.9980966435647,322.161233873272,20886800
2021-11-17,326.0581359863281,329.0098960712893,324.9812796361216,325.8850760747881,19053400
2021-11-18,328.1252746582031,329.2598468353323,324.1351262978114,325.15429587394624,22463500
2021-11-19,329.89447021484375,331.8078416400719,329.01954636756113,329.44260130183307,21963400
2021-11-22,326.7408447265625,336.2018658663324,326.4716305863018,331.3463577773727,31031100
2021-11-23,324.6736755371094,326.3755197666998,320.7123690134607,324.0679363599428,30427600
2021-11-24,324.8947448730469,325.13511563845185,321.04881262656716,323.3275227878649,21661300
2021-11-26,316.9817810058594,324.91401757282057,315.48186952965966,321.4719205549108,24217200
2021-11-29,323.6640930175781,325.9716468199308,321.84687569261206,322.03918406869917,28563500
2021-11-30,317.8567199707031,324.7697863608636,316.3183410190401,322.4045459611877,42885600
2021-12-01,317.3663024902344,326.21195801552415,316.70290620086416,322.22180934894953,33337600
2021-12-02,316.7990417480469,320.6449739601022,315.1741330410827,317.57784067361735,30766000
2021-12-03,310.5685729980469,319.88534380882993,305.7803780233439,319.2026698848698,41779300
2021-12-06,313.62615966796875,314.83763770524575,306.9342458292847,311.47244701692887,30032600
2021-12-07,322.0198974609375,322.8659778487916,317.3855423848686,318.8662344123449,31021900
2021-12-08,322.06793212890625,322.57751689845855,318.0585354762929,322.3948327978521,24761000
2021-12-09,320.27001953125,323.5294319116375,319.3277555505204,321.5295600175577,22214200
2021-12-10,329.34649658203125,329.7887706825989,321.8950010345381,322.0776852082351,38095700
2021-12-13,326.32733154296875,330.5482560904691,326.01964993405755,327.5580286364802,28899400
2021-12-14,315.69329833984375,321.7506583393585,311.62621502626087,320.38533968281865,44438700
2021-12-15,321.76031494140625,322.279524033455,312.0012673025278,315.95294877643335,35381100
2021-12-16,312.3858337402344,323.7890378493558,310.57824093079836,322.77946305235776,35034800
2021-12-17,311.32830810546875,312.40519414330663,305.03060367504037,308.52079305485955,47750300
2021-12-20,307.58807373046875,310.36674473714834,305.3382067120296,307.72266611167277,28326500
2021-12-21,314.6837463378906,315.10680116096665,307.4822194692522,310.837814740566,24740600
2021-12-22,320.3661804199219,320.760362669551,313.2031195933652,315.6548897596977,24831500
2021-12-23,321.7987976074219,323.43333069819255,319.91429885047023,319.93351795028815,19617800
2021-12-27,329.2598876953125,329.28873101360773,322.51025779288784,322.539101111183,19947000
2021-12-28,328.1061096191406,330.567504020854,327.21193737349995,329.9329216504245,15661500
2021-12-29,328.7792053222656,331.0386674602681,326.596619590704,328.15421774318594,15042000
2021-12-30,326.2504577636719,329.9137060860202,325.76971620596595,328.7406955115323,15994500
2021-12-31,323.36602783203125,326.28891555203285,322.91412956697064,325.4716783285754,18000800
2022-01-03,321.85650634765625,324.9813267976335,317.07793359354395,322.43340214531065,28865100
2022-01-04,316.3375244140625,322.28910640339575,313.5588245196175,321.9333330536582,32674300
2022-01-05,304.194091796875,313.51086734109714,303.8095043444839,313.3089347213249,40054300
2022-01-06,301.790283203125,306.42463822029214,299.4923247910214,301.0883900628225,39646100
2022-01-07,301.9441223144531,304.30936222208857,298.1462528184306,302.0498713577004,32720000
2022-01-10,302.16534423828125,302.59802345743225,292.95434719242326,297.56945526670665,44289500
2022-01-11,302.8479309082031,304.41512357671206,297.95398587837894,301.3095522143525,29386800
2022-01-12,306.01123046875,310.9532679259109,304.86706317706137,307.35733034753923,34372200
2022-01-13,293.0601501464844,308.52082078768035,292.29097510674643,308.1266090436169,45366000
2022-01-14,298.2521667480469,298.8482817699604,292.0505869911302,292.5313286981115,39846400
2022-01-18,290.9928283691406,297.8674260520063,290.1178753051929,292.3581471597959,42333200
2022-01-19,291.64666748046875,301.8191755170397,291.04095775062984,294.4926786966677,45933900
2022-01-20,289.9832763671875,299.64616870365205,289.5410024064944,297.1655554938759,35380700
2022-01-21,284.6278991699219,292.3966712973026,284.22406327473504,291.0313814474847,57984400
2022-01-24,284.9547119140625,285.6661999443274,265.41737031888897,280.9453442370806,85731500
2022-01-25,277.37823486328125,283.627874669316,274.18613344698997,280.29152732225515,72848600
2022-01-26,285.2816467285156,296.61754086589866,281.74339590875957,296.1271750879496,90428900
2022-01-27,288.2911071777344,295.4637633356451,286.45467082104994,291.0024967310887,53481300
2022-01-28,296.3867492675781,296.5982766943393,283.1086718195925,288.66604220399256,49743700
2022-01-31,299.0019836425781,300.3480539279597,294.56953190677376,297.05017439324195,46444500
2022-02-01,296.8675231933594,298.6654918462446,293.37733494145994,298.45396439636784,40950400
2022-02-02,301.3865051269531,302.98257070424955,296.9829251353378,297.70403751014493,36636000
2022-02-03,289.6467590332031,299.2423701113963,288.40643772478234,297.5693697082304,43730000
2022-02-04,294.1561279296875,296.9059553802916,288.4160729228112,288.64681946632084,35096500
2022-02-07,289.3583679199219,295.98297161566165,288.3487929994967,294.37731117460294,28533300
2022-02-08,292.8292541503906,293.79073713074837,288.3968316951647,289.646747832777,32421200
2022-02-09,299.2230529785156,299.9153217659017,295.55021099472884,297.93466955184937,31284700
2022-02-10,290.7333068847656,297.2136945346378,289.11802208324127,292.3293725846551,45386200
2022-02-11,283.67596435546875,292.5696824760353,282.8875412205064,291.51204526354115,39175600
2022-02-14,283.6375427246094,285.3297625384846,280.12813492881736,282.45490783075724,36359500
2022-02-15,288.8968200683594,289.2140965718555,285.57969173022536,288.4545460706531,27058300
2022-02-16,288.5596923828125,289.8796435333353,282.95228162106866,287.4709649658661,29982100
2022-02-17,280.10992431640625,285.95817072943447,279.4065799267549,285.53424115249396,32461600
2022-02-18,277.4122314453125,283.1256081080043,275.8514129414356,282.34519885606585,34264000
2022-02-22,277.2098693847656,280.8903355564005,274.1074916771929,274.5892271634446,41736100
2022-02-23,270.0320739746094,281.04457259903455,269.86830032930663,279.58007749575995,37811200
2022-02-24,283.8289489746094,284.37813456051526,261.60166355056816,262.5555199373533,56989700
2022-02-25,286.4495849609375,286.75790276376836,280.9963351099328,284.3588691791243,32546700
2022-02-28,287.8755798339844,288.2128006483137,282.2970731254426,283.559218096748,34627500
2022-03-01,284.17584228515625,289.01245712557574,281.47810528267394,285.5728578838848,31217800
2022-03-02,289.2243957519531,290.45763760043087,282.97147763773455,284.57081381078126,31873000
2022-03-03,285.1103820800781,292.05700050828193,283.3086664169441,291.8257768521812,27314500
2022-03-04,279.271728515625,284.8598787290603,276.68001821827283,283.53992798121607,32356500
2022-03-07,268.7217712402344,279.1079901922431,268.35564745891236,277.9903600081898,43157200
2022-03-08,265.7735290527344,273.58726615536074,260.1372168079997,267.6522801991081,48159500
2022-03-09,277.9613952636719,279.02121928908525,270.5233976527745,273.0862341495731,35204500
2022-03-10,275.15771484375,276.13083008813146,270.33071510240313,272.68158699777644,30628000
2022-03-11,269.8393859863281,278.93455646472097,269.2227503051047,277.44115846333716,27209300
2022-03-14,266.34197998046875,274.9746736705197,265.74463254293596,270.0995117672135,30660700
2022-03-15,276.6607360839844,277.3062746946172,268.5483254301358,270.10914399569396,34245100
2022-03-16,283.6363525390625,283.809770330095,272.8551054876842,278.54919544627364,37826300
2022-03-17,284.4359436035156,284.81168204871824,278.7996317030362,282.576451409173,30816600
2022-03-18,289.4555969238281,290.0047824722256,282.0368875720342,284.580435823197,43390600
2022-03-21,288.23199462890625,289.17620681599607,284.12759866402473,287.9718680378315,28351200
2022-03-22,292.9530334472656,293.8586986740922,287.85626286698505,288.84863696836237,27599700
2022-03-23,288.5499267578125,292.1533283713497,286.84459363513463,289.5326860173236,25715400
2022-03-24,292.9916076660156,293.0879606698215,287.4227451186162,288.2127985858923,24484500
2022-03-25,292.58685302734375,294.34037722493025,288.35723081756106,294.0802506516708,22566500
2022-03-28,299.3504943847656,299.4468179763362,293.21315853638436,293.21315853638436,29578200
2022-03-29,303.8883972167969,304.28342386238455,297.7607062548544,302.44319069026733,30393400
2022-03-30,302.39508056640625,304.40876140768165,300.1983672332794,302.298756961056,28163600
2022-03-31,297.04779052734375,303.6283150055242,296.643149106342,302.4335907750661,33422100
2022-04-01,298.1173400878906,298.80139656416134,294.37906626914736,298.06914887514154,27110500
2022-04-04,303.4644775390625,303.59934819649135,298.39661041143324,298.7627341145734,24289600
2022-04-05,299.5238952636719,303.36813547948924,298.5507800600473,301.826575864707,23156700
2022-04-06,288.5596923828125,295.78572808522017,285.87159886872877,294.04184715459763,40110400
2022-04-07,290.361328125,292.55804141565983,285.52471299808303,285.82338673563873,31411200
2022-04-08,286.1220397949219,290.1204393434208,285.4572423231668,289.4652859924413,24361900
2022-04-11,274.8397216796875,281.9212093584241,274.58920983375054,281.1311855569594,34569300
2022-04-12,271.75665283203125,280.11957482236716,270.24399616662504,278.6743681898196,30966700
2022-04-13,277.11358642578125,278.0385105603026,271.02444128433206,272.4022274692682,21907200
2022-04-14,269.608154296875,277.7784013045191,269.1168039398963,277.56643644763085,28221600
2022-04-18,270.2729187011719,272.14205510022083,268.17255863306326,268.7217442498862,20778000
2022-04-19,274.8782958984375,275.7165404624221,268.2399952405621,269.1745633932946,22297700
2022-04-20,275.8996276855469,279.11764770587973,274.94580050630236,278.8285886738467,22906700
2022-04-21,270.5523681640625,282.5861150592423,269.82976470304897,278.03852943515125,29454600
2022-04-22,264.0200500488281,272.8550951713469,263.393799558569,271.39059991716476,29405800
2022-04-25,270.465576171875,270.8413145666887,260.8790281069364,263.30699380770614,35678900
2022-04-26,260.3492431640625,268.19188507903243,260.137278279722,267.3633137874921,46518400
2022-04-27,272.8742980957031,280.34119944845656,268.96260761022705,271.7952151207864,63477700
2022-04-28,279.0501708984375,280.35086291082894,271.1785981856094,274.77235637930573,33646600
2022-04-29,267.382568359375,279.29108997541846,266.3998381310292,278.06746249784794,37073900
2022-05-02,274.0786437988281,274.5314764230111,266.1300066784379,267.56556930704056,35151100
2022-05-03,271.4869384765625,273.7511018849256,269.9164755719785,273.5872988286567,25978600
2022-05-04,279.38739013671875,280.25450833918546,266.62139669213593,272.26732383050563,33599300
2022-05-05,267.2187805175781,275.8900225285143,264.3187223916875,275.109613099755,43260400
2022-05-06,264.6944274902344,269.0493063035853,261.3607962940362,264.77149224146683,37780300
2022-05-09,254.91517639160156,262.4109805408289,253.70122277240785,260.19500872248045,47726000
2022-05-10,259.6554870605469,263.7502396394238,255.3873167232384,261.76549132988686,39336400
2022-05-11,251.0324249267578,261.4475468907718,249.82808585226212,255.97503719293763,48975900
2022-05-12,246.02236938476562,250.3868926130945,240.88706627938942,248.27688839647124,51033800
2022-05-13,251.58154296875,253.43142022710913,246.0223258803733,247.9492678815467,34925100
2022-05-16,251.94772338867188,256.10992610515103,246.43666684818785,250.46396948086246,32550900
2022-05-17,257.0733947753906,258.5282163055622,252.87264501904795,256.3893090476885,28828800
2022-05-18,245.3689422607422,254.56255593288276,244.10385759056012,253.98312086554714,31356000
2022-05-19,244.4611358642578,248.8358391110842,243.2443400632524,245.19507408358177,32692300
2022-05-20,243.90103149414062,249.6760190694131,237.99085911430905,248.42057161150723,39199300
2022-05-23,251.71365356445312,252.53451735450935,244.74118884717117,246.73057447845937,33175400
2022-05-24,250.71900939941406,252.3703743626756,244.80883629191553,249.04834073920725,29043900
2022-05-25,253.5195770263672,255.50894824222092,248.31438673907394,249.28976865012686,28547900
2022-05-26,256.7836608886719,257.9521680064266,252.46691284814418,253.2781100641193,25002100
2022-05-27,263.87200927734375,263.96858669067194,258.38675406725025,259.27522501006564,26910800
2022-05-31,262.54901123046875,265.3495796777819,259.709805919586,263.1863868585538,37827700
2022-06-01,263.0801696777344,268.1694785962378,260.7817625947678,265.76485697863757,25292200
2022-06-02,265.1661376953125,265.233744850536,252.6311699024097,255.38346485409735,44008200
2022-06-03,260.76239013671875,264.0748154478667,259.2076029156242,261.04245577782234,28059000
2022-06-06,259.5359802246094,264.77980709613064,258.0584370323219,262.732495427998,22400300
2022-06-07,263.15740966796875,263.76581500022235,256.82231988834405,257.49833236224606,22860700
2022-06-08,261.13909912109375,263.64029841566133,260.3665091352675,262.3945173250315,17372300
2022-06-09,255.71176147460938,263.36021011485053,255.55724349069746,258.5992407787773,26439700
2022-06-10,244.31626892089844,251.64602827171365,243.87203349036625,251.64602827171365,31422800
2022-06-13,233.95419311523438,240.48243824868035,233.24922504255844,236.70648773027727,46135800
2022-06-14,236.10772705078125,237.31487111467933,233.22988499278367,235.49932172717016,28651500
2022-06-15,243.12843322753906,246.5470730031909,237.9715180249655,239.79671901174797,33111700
2022-06-16,236.57125854492188,238.9372578860195,234.6881168136664,237.5466256119709,33169200
2022-06-17,239.1593475341797,241.9116415660145,235.6634634572943,236.31049083013178,43084800
2022-06-21,245.04058837890625,246.01595545881753,240.95560233610817,241.67988876042264,29928300
2022-06-22,244.4514923095703,248.35298995386094,241.7861089374633,243.254000161548,25939900
2022-06-23,249.98500061035156,250.47752474998597,244.93432941875366,246.8078191002136,25861400
2022-06-24,258.52191162109375,258.79231063631465,252.7469254380334,252.83383624957415,33923200
2022-06-27,255.8083038330078,259.1013666061605,254.2534870945373,259.0144557779908,24615100
2022-06-28,247.68666076660156,257.7590638663584,247.53214278827687,254.9295252245594,27295500
2022-06-29,251.3370361328125,252.9884007989355,246.99130319168566,248.75856369685934,20069800
2022-06-30,248.024658203125,250.63210141382953,244.22940398394073,248.23711675711792,31730900
2022-07-01,250.68032836914062,250.86381660731956,245.88073757874744,247.599724121051,22837700
2022-07-05,253.8382568359375,253.9638045325972,246.00630564678934,247.37761951989364,22941000
2022-07-06,257.0830078125,258.8019795069243,253.40363564931488,254.70735692498906,23824400
2022-07-07,259.197998046875,259.8353737242691,255.93387539808108,256.0304528288306,20859900
2022-07-08,258.4833679199219,258.90828502143717,254.26319665701553,255.7117696472832,19658800
2022-07-11,255.44131469726562,257.3920486214131,253.1911819736528,256.54221460414914,19455200
2022-07-12,244.97299194335938,256.8223224888686,243.39887133033,256.764381930095,35868500
2022-07-13,244.05555725097656,244.85710267048802,239.60360939385333,241.61229886642806,29497400
2022-07-14,245.3689422607422,246.39259810880876,237.5080204020861,241.97928690307253,25102800
2022-07-15,247.91839599609375,251.44325042079436,246.03525438925857,246.9526808402148,29774100
2022-07-18,245.53309631347656,251.89715611893087,244.6156697955208,250.84453005870418,20975000
2022-07-19,250.63204956054688,250.8155377951831,244.9826100870289,248.74889324561178,25012600
2022-07-20,253.27810668945312,255.78897202237206,250.03331786878604,250.98936645500257,22788300
2022-07-21,255.7600555419922,255.80835899336086,248.2178208456123,250.8832047027095,22404700
2022-07-22,251.43362426757812,256.23323054289847,250.1878727355114,256.1463197014491,21881300
2022-07-25,249.95606994628906,252.53454268022003,248.00533571383517,252.05168504603222,21056000
2022-07-26,243.2636260986328,250.97004315253255,241.01352289869635,250.95070998904438,39348000
2022-07-27,259.52630615234375,260.7913907687193,249.97539768074358,252.20619754450755,45994000
2022-07-28,266.9333190917969,268.3142846363358,258.68610373864,260.5016528744498,33459300
2022-07-29,271.1148376464844,272.33164805798015,267.14576287951564,268.1790850711419,32152800
2022-08-01,268.4784240722656,271.63630136547664,266.3828096525368,268.2949358731118,21539600
2022-08-02,265.3979187011719,268.3626721126067,263.0415707195236,266.5374558232472,22754200
2022-08-03,272.7856140136719,273.7802996377368,267.12650678074345,267.2713876591738,23518900
2022-08-04,273.925048828125,274.0699001812098,270.5643795514278,272.13847021665924,18098700
2022-08-05,273.21051025390625,273.9251301220604,269.1255240569013,269.5794114121241,16774600
2022-08-08,270.7093200683594,276.11733164460054,269.74360476800535,274.31141927705306,18739200
2022-08-09,272.62139892578125,273.3746556298809,268.09219211802474,270.05262233660574,23405200
2022-08-10,279.2462158203125,279.8739248174104,277.1023268586765,278.29016718582943,24687800
2022-08-11,277.17950439453125,281.2258525395224,276.6870097926365,280.8782092911261,20065900
2022-08-12,281.9019775390625,281.9019775390625,277.1023709654231,278.5895808890098,22619700
2022-08-15,283.408447265625,284.09409682100915,280.1636287959346,281.02312948938925,18085700
2022-08-16,282.6745300292969,283.95894794046416,280.46306311134526,281.9792138029151,18102900
2022-08-17,281.92926025390625,283.89382169759233,280.13888939328456,280.4001752678812,18253400
2022-08-18,280.8164367675781,282.5003387388935,279.76154672598557,280.8357814390951,17186200
2022-08-19,276.9259948730469,279.9260727784797,276.3550169722019,279.5873490654093,20570000
2022-08-22,268.79669189453125,273.35485615007224,268.28377769621216,272.98710077508116,25061100
2022-08-23,267.5289611816406,269.87093596211275,266.52247730381634,267.5289611816406,17527400
2022-08-24,266.89996337890625,268.2935475805408,266.2418606203545,266.5322078904403,18137000
2022-08-25,269.86126708984375,270.02577059536407,265.67082824168347,268.3902454376077,16583400
2022-08-26,259.4481506347656,271.3032734990673,259.3417106465169,270.0838799821935,27549300
2022-08-29,256.68035888671875,258.78039270297364,255.34483826720634,257.28036854850586,20338500
2022-08-30,254.49313354492188,258.44160128944475,252.2575990184028,258.07387544076863,22767100
2022-08-31,253.04153442382812,258.4997140694314,252.90603313757336,256.835186498961,24791800
2022-09-01,252.00599670410156,252.4802216307378,247.1768588698768,250.5253174553684,23263400
2022-09-02,247.80589294433594,256.2060856971304,246.26715020417384,253.26410148725907,22855400
2022-09-06,245.08651733398438,249.51886860124202,243.81874738590238,247.9414362596074,21328200
2022-09-07,249.77047729492188,250.48661397846638,245.0574662441124,246.48975437812405,24126700
2022-09-08,250.1866455078125,252.0350805590205,246.57688549508825,249.20922275197296,20319900
2022-09-09,255.93508911132812,256.68028696247984,251.89952614457653,252.10274849769064,22084700
2022-09-12,258.05450439453125,258.82873403398463,256.6125441459456,257.2125536578714,18747700
2022-09-13,243.8671417236328,252.00603528741846,243.48002680941664,250.49632403928555,33353300
2022-09-14,244.0896759033203,246.03487812902216,241.8057500396919,245.35744562009026,23913000
2022-09-15,237.47021484375,243.2961503559626,236.15405366231204,241.71870321883833,31530900
2022-09-16,236.850830078125,237.3927761581187,234.2572119949683,236.38629220933913,39791800
2022-09-19,236.63790893554688,237.2379185278828,233.08621305250247,234.6539876734692,26826900
2022-09-20,234.63462829589844,235.66045686379198,231.91521092748422,234.26688762643548,26660300
2022-09-21,231.2474365234375,239.67667590576733,231.19904532157508,236.39595324962926,28625600
2022-09-22,233.21200561523438,235.99917354124665,229.91193818738796,230.20225587391255,31061200
2022-09-23,230.2506561279297,233.35718839815166,227.61833404254136,231.8184307644762,34176000
2022-09-26,229.79580688476562,233.66686706312993,229.263533156856,229.40870677369827,27694200
2022-09-27,228.78933715820312,234.0055901447024,226.94090238363955,232.2442506798707,27018700
2022-09-28,233.29910278320312,234.5184812999227,227.16346179841986,229.1764146595356,29029700
2022-09-29,229.8441925048828,232.21521385312766,226.853802133828,231.18938529349765,27484200
2022-09-30,225.3924560546875,232.7861798495217,225.22793778149074,230.60870866268925,35694800
2022-10-03,232.97976684570312,233.82171772604818,227.09575348399042,227.82157728205974,28880400
2022-10-04,240.85740661621094,242.2896949710186,237.08311349306132,237.18956825525868,34888400
2022-10-05,241.1670379638672,242.5025584054372,236.23144526431753,238.06052054576585,20347100
2022-10-06,238.834716796875,242.27028548507374,238.1476119193884,239.9379683013216,20239900
2022-10-07,226.68930053710938,233.5410791626443,225.65378480022213,233.1346048289845,37769600
2022-10-10,221.86012268066406,226.99895238528188,219.42135078516142,225.53763257488384,29743600
2022-10-11,218.14393615722656,221.67627288848584,216.88583856563983,220.28268877269275,30474000
2022-10-12,218.4729461669922,220.51493088352666,216.74065333491876,218.1342225142281,21903900
2022-10-13,226.68930053710938,228.4893441994696,212.06636940173655,212.76316144954848,42551800
2022-10-14,221.19241333007812,229.59262300491255,220.97950380320253,227.94741033961475,30198600
2022-10-17,229.8732147216797,231.2571263231049,227.5602570081076,228.21834487388986,28142300
2022-10-18,230.81195068359375,236.06690750411659,227.7828415320167,235.39916206358598,26329600
2022-10-19,228.8570556640625,231.88616474151667,226.73764801989628,229.39900168382854,19985700
2022-10-20,228.53770446777344,233.53137553473397,227.29896641864062,228.16996380022994,21811000
2022-10-21,234.3152618408203,235.16689978355862,226.9408971162325,227.17316603704901,26299700
2022-10-24,239.27987670898438,239.85085446829365,233.52167838261744,235.90237181871956,24911200
2022-10-25,242.5800018310547,242.94774252500142,237.9056946583769,239.28959165367502,34775500
2022-10-26,223.86343383789062,230.61843021635175,222.64404034026404,223.71826021026072,82543200
2022-10-27,219.44073486328125,226.15702697219044,218.50200154160817,223.59244061528798,40424600
2022-10-28,228.26673889160156,228.97321801422746,218.763293726381,218.9471714496145,40647700
2022-10-31,224.64732360839844,227.34738181471067,223.69890315195386,226.22477072356645,28357300
2022-11-01,220.81495666503906,228.14094541319034,220.00203754140927,227.0376938120004,30592300
2022-11-02,213.0050811767578,223.84404616078317,212.94700287287873,222.0633621151271,38407000
2022-11-03,207.34364318847656,213.30507890075714,207.08234251389777,212.9953870246754,36633900
2022-11-04,214.25350952148438,214.4470595832424,206.55009302136054,210.53729517480699,36789100
2022-11-07,220.5246124267578,221.04721381188003,214.14704442988435,214.83416409790135,33498000
2022-11-08,221.49234008789062,224.18272523318964,218.56001372616598,221.3278218327516,28192500
2022-11-09,217.27293395996094,221.26013615245242,217.09874333274988,220.04074269428185,27852900
2022-11-10,235.1475372314453,235.4862608906142,227.42477661146236,227.84090847628838,46268000
2022-11-11,239.1444091796875,239.99604710310476,234.1313788126477,235.15722211445575,34620200
2022-11-14,233.7636260986328,236.0475519661583,231.49905966480162,234.18944503837977,31123300
2022-11-15,234.17010498046875,239.03796188941354,232.29263846364998,237.74116029609917,31390100
2022-11-16,234.5971221923828,236.60604855552322,233.3257795259496,235.62584176038104,24093300
2022-11-17,234.548583984375,236.07226408161256,230.61810181463593,230.76366974368625,23123500
2022-11-18,234.10215759277344,236.547802374884,231.97677705188883,236.32457848011174,27613500
2022-11-21,234.9076690673828,237.45035420758848,234.0730450796648,234.30595375905,26394700
2022-11-22,237.7996826171875,238.0714192256914,233.60716436560293,236.4021715971478,19665700
2022-11-23,240.2744903564453,240.9538320187203,237.06216314669393,237.87737314142396,19508500
2022-11-25,240.18716430664062,241.3614517929226,239.44958062083853,240.01246797791015,9200800
2022-11-28,234.626220703125,239.37192761122702,233.69455635778226,238.81875468278062,24778200
2022-11-29,233.2384033203125,235.6258059533278,231.18096449697632,234.27682232337006,17956300
2022-11-30,247.61141967773438,247.7958155951577,232.78229762918565,233.47135371926146,47594200
2022-12-01,247.17471313476562,248.56251016658027,243.51595261951238,246.37890225412923,26041500
2022-12-02,247.49493408203125,248.504239491352,242.32220868898867,242.44837741835488,21528500
2022-12-05,242.81716918945312,246.3303613663216,240.74031627098933,244.57375787361877,23435300
2022-12-06,237.88710021972656,244.42822454321265,236.58664391475048,243.41891892957702,22463700
2022-12-07,237.1592254638672,238.89641517033584,235.06297311301404,237.60565848816955,20481500
2022-12-08,240.0997772216797,241.40024809384906,235.8878444020433,237.61531942592248,22611800
2022-12-09,238.17822265625,240.9829448599812,236.95540766792848,237.47946700334126,20609700
2022-12-12,245.0590057373047,245.08811932166867,239.8765804009923,240.14831706074776,30665100
2022-12-13,249.33888244628906,256.13232821113195,245.60248135221084,253.96811982675712,42196900
2022-12-14,249.63006591796875,254.84160556776638,246.8059293712521,249.54272515265737,35410900
2022-12-15,241.6623077392578,246.69916567601095,240.04158720461845,246.2333334693487,35560400
2022-12-16,237.46978759765625,242.4678175315528,236.32459886583192,241.21588885198315,86102000
2022-12-19,233.35484313964844,237.97439542202883,231.66619621363287,237.63471723354715,29696400
2022-12-20,234.66506958007812,235.74231675615167,231.38480046926088,232.33587889229094,25150800
2022-12-21,237.2174530029297,238.37234134182555,233.02493348625407,234.55831327324242,23690600
2022-12-22,231.16159057617188,234.84946471293264,226.96905623748663,234.14099458820857,28651700
2022-12-23,231.6856231689453,231.82149149891836,227.03697155694044,229.1429380757911,21207000
2022-12-27,229.96786499023438,231.87972122287346,228.87120393787913,231.65651213728756,16688600
2022-12-28,227.60955810546875,232.6464155156222,227.26018028486453,229.8999205275325,17457100
2022-12-29,233.89837646484375,234.78152813488126,228.6965364200889,228.6965364200889,19770700
2022-12-30,232.7434844970703,232.87935283490333,229.6767250905103,231.1809912077217,21938500
2023-01-03,232.51055908203125,238.49849510687616,230.39487805775428,235.90728230837536,25740000
2023-01-04,222.33978271484375,225.9985278733158,219.2924376104367,225.4259409938991,50623400
2023-01-05,215.7501678466797,220.8355534662342,215.21639405316571,220.49587519530553,39585600
2023-01-06,218.29281616210938,219.09832651208657,212.87748240196308,216.41977321502756,43613600
2023-01-09,220.41824340820312,224.41668242466997,219.72920205241053,219.76801523516428,27369800
2023-01-10,222.09716796875,224.48457072526574,220.62201553173728,221.0393201111181,27033900
2023-01-11,228.81298828125,228.98766979827053,224.2904903213458,224.4651718383663,28669300
2023-01-12,231.47213745117188,232.8211212975009,226.66820302336927,228.3180371449277,27269500
2023-01-13,232.17088317871094,232.30675151679418,227.98806347571494,230.00668936190732,21333300
2023-01-17,233.25784301757812,233.80131636600996,230.09402846864725,230.94806647820474,29831300
2023-01-18,228.85177612304688,235.22791734206064,228.57033988504867,234.44182098542313,30028700
2023-01-19,225.08628845214844,228.57036731781892,223.8731729886452,226.8817052615486,28623000
2023-01-20,233.13168334960938,233.63634353931783,227.59016528126836,227.92984354153225,35389800
2023-01-23,235.42202758789062,237.93559913009912,232.57847740404011,233.98570310784828,31934000
2023-01-24,234.89796447753906,236.75160844059997,233.3451855854794,235.34439747923588,40234400
2023-01-25,233.5101776123047,236.12080454500452,224.0866898660757,227.56105444486033,66526600
2023-01-26,240.68211364746094,240.98296392015405,234.85915928502237,236.4604658112775,33454500
2023-01-27,240.83737182617188,242.45809218411858,239.54661529494882,241.6428822092,26498900
2023-01-30,235.54820251464844,238.35292478678218,235.05324194345323,237.2950768809861,25867400
2023-01-31,240.49771118164062,240.63357952072695,235.78111768401726,236.26636386768823,26541100
2023-02-01,245.29193115234375,247.65022035562143,238.22674832599188,240.68209268360533,31259900
2023-02-02,256.792236328125,256.87957707013254,249.65911289346886,251.1827927216543,39940400
2023-02-03,250.7267303466797,256.4041171018203,249.51361478434532,251.88161873138833,29077300
2023-02-06,249.1933135986328,250.67816573061054,247.26204327207444,249.84355651391297,22518000
2023-02-07,259.6649169921875,260.83920438047807,252.40562393796253,252.84235731907512,50841400
2023-02-08,258.85943603515625,268.59347315321855,258.35476105655573,265.13852274513965,54686000
2023-02-09,255.84120178222656,265.8955184484022,255.0453909060254,265.72080730740066,42375100
2023-02-10,255.33653259277344,256.2973105018647,252.96852898785733,253.81285255852234,25818500
2023-02-13,263.31396484375,266.4971782446964,259.26699912258107,259.74256046553177,44630900
2023-02-14,264.138916015625,266.856282749665,261.33417890703004,264.62416219078045,37047900
2023-02-15,262.0276794433594,263.39950469785816,258.9726863891012,261.0547562578646,28922400
2023-02-16,255.05181884765625,259.51753291113,254.80858804011677,256.87118053744996,29603600
2023-02-17,251.0725555419922,253.047588426155,249.06833614983722,252.36656000925092,30000100
2023-02-21,245.8284912109375,248.5721416274502,244.77773242454728,247.58947974202172,28397400
2023-02-22,244.69993591308594,247.45331065690422,243.5616174239113,247.21007982984216,22491100
2023-02-23,247.8716278076172,249.88557094928385,243.69777930306105,248.64023054148305,29219100
2023-02-24,242.47190856933594,244.2037105882477,241.38223939221282,243.19187704458037,24990900
2023-02-27,243.38645935058594,245.97443849874284,242.63730436651332,245.62418557007777,21190000
2023-02-28,242.66650390625,244.68046206564443,241.99518451978517,242.32598969202303,22491000
2023-03-01,239.60179138183594,244.13560203633548,239.1347775749903,243.97020688018864,27565300
2023-03-02,244.31072998046875,244.592871158647,238.95965271701235,239.8742028427946,24808200
2023-03-03,248.3775177001953,248.69858408661656,244.58312376181246,245.36146516717056,30760100
2023-03-06,249.91476440429688,253.07676463691814,249.04886339595808,249.48667584365674,24109800
2023-03-07,247.2683868408203,250.71254274610072,246.5289706683779,249.36016545686795,21473200
2023-03-08,246.83058166503906,247.6478334867659,244.01883456634258,247.16137194826737,17340200
2023-03-09,245.4879913330078,252.53194586818475,244.76802281359187,248.8932225660645,26653400
2023-03-10,241.85899353027344,245.94526831886697,240.89580898858623,244.28157783106303,28333900
2023-03-13,247.04458618164062,250.92655397869987,239.07634508777596,240.7011245834685,33339700
2023-03-14,253.7285919189453,254.0010091653207,248.9320739144134,249.79797477159795,33620300
2023-03-15,258.25274658203125,259.26459506275955,252.19142412250247,252.9405940179142,46028000
2023-03-16,268.7214050292969,269.07164313641664,256.1512239726221,258.0289586598438,54768800
2023-03-17,271.8639221191406,275.65831665347815,268.8381452248547,270.7256186044692,69527400
2023-03-20,264.8588562011719,269.96670228330714,262.543294560003,269.4802407516752,43466600
2023-03-21,266.366943359375,267.5539109885018,262.2222805461307,267.43716494158167,34558700
2023-03-22,264.9172058105469,273.4302818621783,264.8101688435891,265.99713606358097,34873300
2023-03-23,270.14190673828125,273.4498402612258,267.7485235593219,270.41432409449396,36610900
2023-03-24,272.9730529785156,273.03142599171395,267.8262812456373,269.7332022897182,28172000
2023-03-27,268.8964538574219,273.83888945620816,268.05972466794566,272.9048917232196,26840200
2023-03-28,267.77764892578125,268.6630125541161,264.68373074732534,268.32248351379377,21878600
2023-03-29,272.91461181640625,273.5275579931893,270.8714677908796,271.40656350866607,25087000
2023-03-30,276.3587951660156,276.7576972006701,273.8584053599599,276.53394388967973,25053400
2023-03-31,280.4937744140625,281.4375111990139,275.33729282077917,276.04753751584985,32766000
2023-04-03,279.4527282714844,280.46454697415277,276.26154151333856,278.761931454292,24883300
2023-04-04,279.4040222167969,282.5854994542806,277.9349286652677,279.45268618193273,25824300
2023-04-05,276.6409912109375,279.3749031470758,275.2594568336865,278.11011480832366,22064800
2023-04-06,283.7044372558594,284.171421432575,274.39355424617895,275.5415966022882,29770300
2023-04-10,281.55426025390625,281.75856581319096,277.00095709388467,281.3791115118309,23103000
2023-04-11,275.1718444824219,278.2365761916983,274.0140932371224,278.0127931758795,27276600
2023-04-12,275.8139343261719,279.23864232032844,274.32536331001984,277.07875205265157,27403400
2023-04-13,281.9920654296875,282.05043844818863,275.5026841124763,275.91129524198396,24222700
2023-04-14,278.39227294921875,280.6689097907965,276.00859911070734,279.2289726922403,20987900
2023-04-17,280.9801940917969,283.7043967289592,278.4116924129814,282.07960200286976,23836200
2023-04-18,280.5618896484375,283.86011391519935,279.23872820102855,283.67525611133146,20161800
2023-04-19,280.6396789550781,281.22340905975057,276.8355460862607,278.2462667608946,17150300
2023-04-20,278.36297607421875,281.20392420443534,277.3608666050033,277.5262765736857,23244400
2023-04-21,278.0225524902344,278.5187231488767,275.3956478853203,277.2928600656761,21676400
2023-04-24,274.1405334472656,277.234451496004,271.173129844423,274.45187596772155,26611000
2023-04-25,267.9625244140625,273.9751827450711,267.9138604386518,271.9417767926592,45772200
2023-04-26,287.372314453125,291.45860367890464,284.80381270160626,288.66631890750085,64599200
2023-04-27,296.5761413574219,296.936147852177,287.2555509397699,287.9560567732343,46462600
2023-04-28,298.9403381347656,300.5651029592613,295.097280309873,295.7783383038111,36469600
2023-05-01,297.28643798828125,300.24413310215317,296.8875358766026,298.6582633895383,21294100
2023-05-02,297.14044189453125,300.8083512230657,295.6810572722288,299.42681707438953,26404400
2023-05-03,296.1577453613281,300.25374274084976,295.8561416167109,298.3176355367741,22360800
2023-05-04,297.14044189453125,299.42681707438953,295.1848569994441,297.9479549880525,22519900
2023-05-05,302.2385559082031,303.5228215296377,296.03130176252597,297.4420521379096,28197100
2023-05-08,300.2926940917969,301.80074263730194,297.80201345372643,301.73263089775384,21318600
2023-05-09,298.6874084472656,301.6451031506541,298.0160890953245,299.66033160181695,21340800
2023-05-10,303.85357666015625,304.5248958986196,299.3392294255837,300.2634884514186,30078000
2023-05-11,301.7131652832031,302.6958271056149,297.9674351385275,301.7034562423544,31680200
2023-05-12,300.60406494140625,302.2385686971637,298.29824184109515,302.14127044452766,19774700
2023-05-15,301.08074951171875,301.5088380158988,299.2613882145806,300.7305114762556,16336500
2023-05-16,303.299072265625,305.21573217875385,301.4407853698495,301.4407853698495,26730300
2023-05-17,306.16571044921875,306.5849748220485,302.98703781876026,304.49838322404014,24315000
2023-05-18,310.5728759765625,311.07992095632784,305.892648471435,306.68243649097326,27276000
2023-05-19,310.39739990234375,310.7971739556616,308.47655029580653,308.83731401909836,27546700
2023-05-22,313.1665954589844,314.54141972113337,310.0757031921086,310.6509792014614,24115700
2023-05-23,307.394287109375,314.66815212283035,307.3845270869392,312.04526511786804,30797200
2023-05-24,306.0194091796875,308.60328539686515,304.8103271006574,306.8774578305602,23384900
2023-05-25,317.7882995605469,318.7438294879401,312.0159906409768,315.1751430242443,43301700
2023-05-26,324.58441162109375,325.0816668912498,315.7992015223041,315.935693050292,36630600
2023-05-30,322.9462890625,327.36326419300417,322.2735022093098,326.86600894737563,29503100
2023-05-31,320.1966552734375,327.55827021551164,319.1630749897936,323.99934398362257,45950600
2023-06-01,324.2820129394531,325.2083220477921,316.61813665588886,317.79793844954554,26773900
2023-06-02,327.0317687988281,329.0793797798021,324.25287030723234,325.9104672337744,25873800
2023-06-05,327.5582580566406,330.11288397336966,326.31019540433937,326.8562209549611,21307100
2023-06-06,325.3547058105469,327.0025428376745,323.88240041372416,326.96353250247705,20396200
2023-06-07,315.3116455078125,326.14443575419256,314.4535968237107,323.37529757305805,40717100
2023-06-08,317.144775390625,318.4903491637824,315.28242630303987,315.85770223750364,23277700
2023-06-09,318.6366271972656,321.7567696311191,316.3160032224107,316.8815191818162,22529000
2023-06-12,323.5703430175781,323.81410551348466,317.0472562466259,320.3819105271756,24260300
2023-06-13,325.9494934082031,328.5723804542734,322.1468041193806,326.12499527780267,22951300
2023-06-14,328.9233703613281,330.58096729872784,324.50639495848685,325.9982202996805,26003800
2023-06-15,339.4149475097656,341.11152517053205,328.78690731624766,329.0599201554074,38899100
2023-06-16,333.788818359375,342.70078870657477,333.4183243934552,342.55453717316414,46552000
2023-06-20,329.6156005859375,333.54505041870027,327.48023896465304,330.8441729587754,26375400
2023-06-21,325.2376708984375,329.30364243212927,323.78485594149885,327.9775589781728,25117800
2023-06-22,331.2342834472656,331.6340575859297,325.02321865294914,325.78375659192324,23556800
2023-06-23,326.6612243652344,329.52787360599757,325.13041855453594,326.0176878258627,23146900
2023-06-26,320.40142822265625,327.7240333118318,320.29415725203825,325.39367934124914,21520600
2023-06-27,326.2224426269531,327.76300833110724,321.0839107605563,323.58003605093296,24354100
2023-06-28,327.4706115722656,329.54747323357384,325.48150085713195,326.3102994681185,20259500
2023-06-29,326.6904602050781,327.72401072843235,324.32109606698276,326.358946806659,16997000
2023-06-30,332.0435485839844,334.17891054970244,328.78688502474677,329.32315064368396,26832800
2023-07-03,329.5571594238281,332.394558661991,328.1726050055835,330.727231395335,12508700
2023-07-05,329.7131652832031,333.12584042536054,326.3785108077479,326.7295145394102,18172400
2023-07-06,332.7553405761719,334.432427956872,327.1293121494876,328.88439044633213,28161200
2023-07-07,328.8064270019531,333.26241352176123,328.5919147694236,330.8540383567949,21214800
2023-07-10,323.5508728027344,326.8660670625544,319.4166697574399,326.25178071727987,32791400
2023-07-11,324.17486572265625,324.55511973893175,318.84134117994995,322.800041689948,26698200
2023-07-12,328.786865234375,333.1258197926784,327.29503995487715,328.20182929500714,29995300
2023-07-13,334.11065673828125,335.16369770913235,330.56146024108614,331.0879956045949,20567200
2023-07-14,336.6263122558594,342.661875208143,335.71952273631194,338.91768611399266,28352700
2023-07-17,337.1040344238281,338.33257714303016,333.6621092446477,337.05526407197954,20363900
2023-07-18,350.5207214355469,357.62884439822335,333.63287773911316,337.20153461943244,64738600
2023-07-19,346.2207336425781,353.4166072525743,343.64661716979606,352.72433009882633,39732900
2023-07-20,338.2156066894531,349.0386682151087,336.7530316118285,344.74845393864297,33778400
2023-07-21,335.1929931640625,341.56006971565506,331.35129303428135,340.4387679481885,69405400
2023-07-24,336.49951171875,338.2643797019485,333.7693834548789,337.2210689969038,26678100
2023-07-25,342.22308349609375,343.11038262849917,336.4605340248674,338.4496147386664,41637700
2023-07-26,329.3425598144531,336.0704272308137,324.79882418149936,332.92100566860665,58383700
2023-07-27,322.4685363769531,332.8138025679025,320.8401897883476,331.9850338749244,39635300
2023-07-28,329.927734375,331.5268310003181,324.8574911431833,325.3450162475602,28484900
2023-07-31,327.5387878417969,329.2743755389443,325.04263262807757,328.51383777853505,25446000
2023-08-01,327.9482727050781,330.09339434116555,325.37415649793405,326.82697129555277,18311900
2023-08-02,319.328857421875,325.3059183538415,318.2172862001048,325.3059183538415,27761300
2023-08-03,318.5098571777344,321.6495195711113,317.81757996467144,317.86632056535905,18253700
2023-08-04,319.6018981933594,326.7782818997198,319.0753628445266,323.5996092744747,23741500
2023-08-07,321.87371826171875,322.84876819218033,319.3483425125627,320.1771409046875,17741500
2023-08-08,317.9150695800781,320.5477167225477,314.9411787114309,318.802368731708,22327600
2023-08-09,314.19036865234375,318.94858760325343,313.03978705069517,318.3245710835293,22373300
2023-08-10,314.8728942871094,320.0699275319088,313.16655676040074,317.8857952635295,20113700
2023-08-11,313.0008239746094,314.3658880842269,311.2457160426732,312.26953644201075,24355500
2023-08-14,315.95526123046875,315.9747515213893,312.0940411840079,313.37138426545255,18836100
2023-08-15,313.82958984375,316.9790121676308,312.89355014228914,314.9411611661193,16966300
2023-08-16,313.0674743652344,316.9954936708588,312.48119971164607,313.45831419457073,20698900
2023-08-17,309.62799072265625,314.50378164094593,308.9733110073384,313.2042327148122,21257200
2023-08-18,309.2371520996094,311.0936633520083,304.4199558180871,307.29267431715726,24755000
2023-08-21,314.51361083984375,315.383227213463,309.7843803763491,310.65399674996837,24040000
2023-08-22,315.0802917480469,318.61744100027846,314.1031773769701,318.0507277854862,16084600
2023-08-23,319.5163879394531,321.66605140677217,316.0573948399172,316.40917150691627,21166400
2023-08-24,312.64727783203125,325.35954498918005,312.63749714645934,325.2325153533981,23281400
2023-08-25,315.5884094238281,317.91391657239774,311.5040487015702,314.11295718549064,21684100
2023-08-28,316.29193115234375,318.68584344960186,314.3572339791844,318.207066953983,14808500
2023-08-29,320.8941345214844,321.45109687018396,314.51357886440167,314.51357886440167,19284600
2023-08-30,321.2654724121094,322.262118428765,318.97902814860515,321.14822344769897,15222100
2023-08-31,320.2590026855469,323.33690686450706,319.30141990622377,321.6660497077852,26411000
2023-09-01,321.138427734375,324.3922056211829,319.3014478601216,323.7277749745022,14942000
2023-09-05,325.91650390625,327.18677054781415,321.13842988312655,321.47064520868975,18553900
2023-09-06,325.2618408203125,326.80566842614127,322.62362005663084,325.7503980121673,17535800
2023-09-07,322.3598327636719,325.4572688809115,321.4999672739755,323.70825547986243,18381000
2023-09-08,326.6200256347656,328.4667861972207,321.92010767166425,322.5356945258159,19530100
2023-09-11,330.2060241699219,330.6750497904705,327.75345762157895,329.52203220068384,16583300
2023-09-12,324.17718505859375,329.08231769406166,323.8938433949532,328.134515675664,17565500
2023-09-13,328.3690490722656,329.1409777651763,323.59097536312447,323.7277558674077,16544400
2023-09-14,330.94866943359375,333.0592103619418,328.8674109262189,331.38835303568044,20267000
2023-09-15,322.66278076171875,329.67845635390665,322.1058182894061,329.20946043547144,37679800
2023-09-18,321.5292663574219,322.8385960925468,318.89104551464607,320.29809265490445,16834200
2023-09-19,321.1286315917969,321.8517165023023,317.0833936077872,318.7054070395551,16505900
2023-09-20,313.428955078125,322.0471106852366,313.1749256275898,321.9689546587249,21436500
2023-09-21,312.21734619140625,317.9041588491349,307.79101939102566,311.9535360525413,35560400
2023-09-22,309.7550964355469,314.09348747067116,308.91476240736046,313.96645780671054,21447900
2023-09-25,310.2729187011719,310.39994834578414,307.7910397456029,309.34464808220946,17836000
2023-09-26,304.9964904785156,308.6508886408052,302.92498298833925,307.9180528712019,26297600
2023-09-27,305.6316223144531,307.1070447852302,302.6025617027996,305.1528159801847,19410100
2023-09-28,306.4621887207031,308.2600757204857,302.3680768122536,303.8728115871533,19683600
2023-09-29,308.5238037109375,312.15866966951444,307.7714365238791,310.47803207965285,24147300
2023-10-02,314.43536376953125,314.52333029570326,307.96687199890835,309.0417036720847,20570000
2023-10-03,306.2179260253906,314.03484198855955,304.0877937628594,313.48763043750324,21033500
2023-10-04,311.66046142578125,312.7157618822206,306.81398140643597,306.8432936513831,20720100
2023-10-05,312.05120849609375,312.6570444101147,307.6932870679997,311.7873983700248,16965600
2023-10-06,319.77044677734375,321.65627028707706,309.0612521971817,309.30553078090355,25673600
2023-10-09,322.2718811035156,322.7408769349448,315.78382712320234,317.3179038998877,19891200
2023-10-10,320.87457275390625,323.5225441036011,320.1710492794707,323.3857337911902,20557100
2023-10-11,324.81243896484375,325.20327882959333,321.60750436322496,323.63010886357574,20063200
2023-10-12,323.5812072753906,325.99468102864705,321.1970457612764,323.00471335948436,19313100
2023-10-13,320.229736328125,326.19011074612195,318.8910644547027,324.7733126546174,21072400
2023-10-16,325.02734375,328.4472441018182,323.03402205271703,323.47370563502346,22158000
2023-10-17,324.4606628417969,325.82861728065586,319.9170860395432,322.04718865285014,18338500
2023-10-18,322.55517578125,327.9097726895979,320.78660134672003,324.8807125035586,23153600
2023-10-19,323.737548828125,329.1703024841639,323.33692834747904,324.5485406563444,25052100
2023-10-20,319.1940002441406,324.3238512632102,318.0019193859901,324.12841643957864,25027700
2023-10-23,321.7833251953125,325.1152889172781,316.96615830256553,318.0214287466955,24374700
2023-10-24,322.9656066894531,324.24562410946174,320.1026687848026,323.7179740081932,31153600
2023-10-25,332.8735656738281,338.2770069491987,329.8933489527061,337.1239893295993,55053800
2023-10-26,320.3860778808594,333.81162115649903,319.4578072066944,332.7465699625012,37828500
2023-10-27,322.26214599609375,329.0140110865285,320.88441090808146,322.8679522434815,29856500
2023-10-30,329.5904541015625,331.6814932194884,324.23585648353105,325.77971392594014,22828100
2023-10-31,330.3721008300781,331.24174686809175,327.0303866312015,331.09518568729226,20265300
2023-11-01,338.1499938964844,339.46910432501784,331.8769062105877,332.01371654234873,28158800
2023-11-02,340.34857177734375,340.84687995677393,336.87979698298227,339.2932712884422,24348100
2023-11-03,344.7259826660156,346.2796209573482,339.3811651738514,341.62854640879175,23637700
2023-11-06,348.3705749511719,349.3574699781312,345.26335850207806,345.361075900052,23828300
2023-11-07,352.2790222167969,354.164845685057,349.44539667177366,351.17487827159056,25833900
2023-11-08,354.8879699707031,355.54261993465985,352.2985928972702,353.4027369651116,26767800
2023-11-09,352.4353942871094,356.44156927918397,352.1129298373234,354.0085341532929,24847300
2023-11-10,361.2098693847656,361.6300213922687,352.80668013888885,353.2170514609085,28042100
2023-11-13,358.28839111328125,360.0374346783774,357.5262428824349,359.7931560169629,19986500
2023-11-14,361.7962341308594,363.43780942090393,358.9430760247024,362.5193192557125,27683900
2023-11-15,361.9429931640625,365.3306622150657,359.436476024947,363.5193258281366,26860100
2023-11-16,368.30718994140625,368.48342035388106,362.4423744800686,363.20606948048294,27182300
2023-11-17,362.1192626953125,366.54477320500723,359.32882848725313,365.80064944827456,40157000
2023-11-20,369.5506286621094,370.95073116555085,363.24523724780994,363.4606399313925,52465100
2023-11-21,365.2720031738281,368.35615509696635,363.3627506177611,367.8176632886869,28423100
2023-11-22,369.9520568847656,371.8515087359404,367.13225084262217,370.0989155578587,23345300
2023-11-24,369.540771484375,370.06949251389324,367.2986596667437,369.44285575599235,10176600
2023-11-27,370.6961364746094,372.683733332582,368.336537498751,368.9044009726802,22179200
2023-11-28,374.7007141113281,374.994431479148,370.2556020402747,370.4416329997911,20453100
2023-11-29,370.93115234375,376.26721663239306,369.55062106548934,375.7385254123956,28963400
2023-11-30,370.9898986816406,372.1452267516367,367.6218003340975,370.578664516551,30554400
2023-12-01,366.681884765625,370.2555853515813,363.5487602115402,368.884854564053,33040500
2023-12-04,361.4241027832031,361.79613477265366,355.3145134346435,361.3849305128498,32063300
2023-12-05,364.73345947265625,365.2817517868028,357.9776914107373,358.7903592232799,23065000
2023-12-06,361.0912170410156,366.3587674073999,360.33732257448145,365.7321604216408,21182100
2023-12-07,363.1962585449219,363.68580733396766,358.6630319776083,360.5331119373255,23118900
2023-12-08,366.40771484375,366.6328881744278,360.53312909562084,361.4828549867559,20154400
2023-12-11,363.5389404296875,363.83268764840955,358.44765064841334,360.77790780370736,27708800
2023-12-12,366.5545654296875,366.59373770012405,362.7164896784692,363.0983520859286,24838300
2023-12-13,366.5447692871094,369.7464376106383,363.0200118977458,368.16027437565873,30955500
2023-12-14,358.28118896484375,365.9475401487158,356.5188251808004,365.50693426286074,43277500
2023-12-15,362.9809265136719,364.6160030546236,358.62392949147795,359.1820223907122,78502300
2023-12-18,364.8607177734375,365.2034079122954,360.97369907312446,361.72762335454945,21802900
2023-12-19,365.45794677734375,365.45794677734375,362.1094201402803,363.7249250586426,20603700
2023-12-20,362.8731689453125,368.1700908565403,362.78505374172363,367.1616214647713,26316700
2023-12-21,365.73211669921875,366.5839268091088,362.3052751851502,364.77259031859234,17708000
2023-12-22,366.7503967285156,367.3378613138971,364.91948884316713,365.86921479028837,17107500
2023-12-26,366.8287048339844,369.0610461329153,365.69294804965995,367.1615944273694,12673100
2023-12-27,366.25103759765625,367.2203346368523,365.0173650898164,365.8789757378514,14905400
2023-12-28,367.4356994628906,368.5910273130214,366.3391150709235,367.52381465013616,14327000
2023-12-29,368.1798400878906,369.2764245304369,365.6733528250178,368.14066782074684,18730800
2024-01-02,363.117919921875,368.0427796247224,359.1036138103624,366.0454121665628,25258600
2024-01-03,362.85357666015625,365.45797986261033,360.8072662610182,361.2968150611858,23083500
2024-01-04,360.2491455078125,365.3012923191343,359.49525117073273,362.92209250603474,20901500
2024-01-05,360.06317138671875,364.28307999206555,358.8392992881915,361.25767175006894,21004600
2024-01-08,366.85809326171875,367.35744261436474,361.2968258961624,361.58074269539895,23134000
2024-01-09,367.9350891113281,368.1308907001316,363.4312342532303,364.2341014424794,20830000
2024-01-10,374.7691345214844,376.139894907687,368.4539736551255,368.50291657762523,25514200
2024-01-11,376.59033203125,382.5138608324762,372.4291670394017,377.9316910243427,27850800
2024-01-12,380.3500671386719,380.55566927985785,376.6099069263744,377.43234537080764,21661200
2024-01-16,382.1124267578125,385.7938434606626,379.51782397721394,385.43158211314164,27202300
2024-01-17,381.3291015625,381.95570842020396,376.76650366232656,379.8702558603142,22234100
2024-01-18,385.63720703125,385.75469397471676,381.9655906494616,383.53215294829613,23392100
2024-01-19,390.3367919921875,390.3367919921875,385.2748450486806,387.487614838413,29331100
2024-01-22,388.2220153808594,392.2460923450514,385.36303712070327,391.6586277842315,27016900
2024-01-23,390.56207275390625,391.03205041405533,385.6959559124731,387.47792092588605,20525900
2024-01-24,394.1455383300781,397.1513752160577,392.079656679383,393.14686950723774,24867000
2024-01-25,396.4072265625,398.5025096949156,394.11614184479663,395.8687348533506,21021200
2024-01-26,395.48687744140625,397.68007633393063,394.01823107466254,395.917682766026,17803300
2024-01-29,401.1558532714844,401.4104281984527,395.8785030835569,397.57235261817027,24510200
2024-01-30,400.0494689941406,404.41623575131524,397.9542157503529,403.64277019124665,33477600
2024-01-31,389.2696228027344,406.6388350866889,388.907361460185,398.45356335794276,47871100
2024-02-01,395.3400573730469,399.4718507500115,393.40143322301293,393.4308049580275,30657700
2024-02-02,402.62451171875,404.0246140998081,395.12462060191353,395.36939499914837,28256700
2024-02-05,397.1708679199219,402.56570433995887,395.54556259476396,401.3320320122611,25352300
2024-02-06,397.0143127441406,399.44248577195293,394.48825385108364,397.39617518548,18382600
2024-02-07,405.3953857421875,405.640160164174,398.88439209328425,398.9235643671154,22340500
2024-02-08,405.4540710449219,406.87377444064305,403.9071100669644,405.3953275824479,21225300
2024-02-09,411.75946044921875,412.02383590927224,406.4135962217608,406.57025541446654,22032800
2024-02-12,406.5800476074219,411.94548291897434,406.0806983084005,411.76925253567924,21202900
2024-02-13,397.8269348144531,401.49855072964925,394.9581860838381,396.4757753769111,27824900
2024-02-14,401.6720886230469,402.01541247950905,396.8460370500132,400.27921574475005,20401200
2024-02-15,398.7980041503906,401.31894521125486,396.5713534874336,400.3478557485238,21825500
2024-02-16,396.3457946777344,400.49504745207923,395.73763633762957,400.17133095818804,22296500
2024-02-20,395.0999755859375,396.7675013679842,390.41123614122415,395.5413662628297,24307900
2024-02-21,394.50164794921875,394.60956341609165,389.6363517174895,392.53004284668083,18518900
2024-02-22,403.79083251953125,404.9482969480148,400.76964859968683,402.3587150074255,27009900
2024-02-23,402.5058898925781,407.92049268532105,401.1620503723916,407.7341476569605,16295900
2024-02-26,399.75933837890625,404.2911294979053,399.5827521513917,403.60448178020243,16193500
2024-02-27,399.700439453125,400.52439865686904,396.1397382953796,400.2006822234707,14835800
2024-02-28,399.9358825683594,401.48570431449235,397.5817089338175,400.38709194736896,13183100
2024-02-29,405.7428894042969,406.29219561123216,398.17027676875426,400.83834831741547,31947300
2024-03-01,407.5673828125,407.93031407980567,403.0355914321904,403.41813008815376,17823400
2024-03-04,406.99847412109375,409.3820740419509,404.4481066223211,405.54671909934444,17596000
2024-03-05,394.9626770019531,406.3412180011649,392.991071894389,406.0567462440755,26919200
2024-03-06,394.4133605957031,397.4247558475786,390.7840183450358,395.27656457076307,22344100
2024-03-07,401.32879638671875,401.9565620702222,394.56050584072034,398.3664344564578,18718500
2024-03-08,398.4645080566406,402.58433424165736,396.61057729290076,400.1712786506048,18002200
2024-03-11,396.7969665527344,397.9348236347475,393.5992262388283,396.05149669102667,16120800
2024-03-12,407.35150146484375,407.63597318647453,399.0236015429588,399.8377420683919,22457000
2024-03-13,407.1750183105469,410.19620253246603,403.5947092048327,410.1177430442753,17115900
2024-03-14,417.1017761230469,419.6521433696343,410.009799228429,412.21684262615895,34157300
2024-03-15,408.46978759765625,414.5317928189051,404.9090862008724,411.28498921650765,45079900
2024-03-18,409.35260009765625,412.6975005120342,405.8801768330178,406.3412048651448,20106000
2024-03-19,413.36456298828125,413.6196087209555,407.6164248857175,409.8528945727863,19837900
2024-03-20,417.1116027832031,417.8276466076136,412.62884514501485,413.94325853489937,17860100
2024-03-21,421.1725769042969,422.5949058623587,419.0047780206844,421.62378632435974,21296200
2024-03-22,420.5545959472656,421.65320840400005,417.93558766825475,421.4962894258474,17648500
2024-03-25,414.7868957519531,419.25004676180146,413.56076029896417,417.1214624440357,18060500
2024-03-26,413.5999450683594,417.8570831519167,413.30568457627095,417.48433323864253,16725600
2024-03-27,413.3841247558594,416.34648660093063,411.0103437373624,416.33666794000516,16705000
2024-03-28,412.6877136230469,413.81575210575176,411.11825446083225,412.9231220201488,21871200
2024-04-01,416.4642028808594,419.720825298805,414.15906261710444,415.856044584665,16316000
2024-04-02,413.3939514160156,414.31600751259526,409.8626759328322,412.08932675524255,17912000
2024-04-03,412.4228515625,415.17920112214335,411.0888008867087,411.71659648353796,16502300
2024-04-04,409.90191650390625,420.48592418548293,409.5978373618215,416.8761593197056,19370900
2024-04-05,417.3960266113281,418.36714603884514,410.33350586860576,411.99124304246095,16554800
2024-04-08,416.4838562011719,419.1225019527215,415.2184760981184,417.052799785157,14272400
2024-04-09,418.1416015625,419.57371934199267,413.57056515417355,418.2985504874364,12496900
2024-04-10,415.1792297363281,415.93451830181,411.68719880938414,414.1296507389469,16216600
2024-04-11,419.760009765625,421.17251987057847,414.29634428569665,417.6903079757618,17966400
2024-04-12,413.8451843261719,417.06256218596104,411.75584496590756,415.9541310748391,19253800
2024-04-15,405.7428894042969,418.6712525249299,405.5368771254888,418.4554515197094,20273500
2024-04-16,406.6649475097656,410.4120243786573,405.83119940750504,406.65515878258486,16765600
2024-04-17,403.9771728515625,410.88277399306753,402.4959920980667,409.2838890616667,15855500
2024-04-18,396.5517883300781,404.0263347339794,396.23792042411,402.7903806947221,21029900
2024-04-19,391.5000915527344,397.738683518828,390.1758594431205,396.31635459832717,30565800
2024-04-22,393.3049011230469,395.15883179011223,388.1943783333411,392.4416972104412,20286900
2024-04-23,399.7887268066406,400.4067037074316,395.36482163775406,396.5222860267283,15734500
2024-04-24,401.25030517578125,404.5952057239604,399.01383568119996,401.7407592748994,15065300
2024-04-25,391.421630859375,392.25540884693,380.6218216022703,386.507271018032,40586500
2024-04-26,398.56268310546875,405.1151436193312,398.01337683095016,404.3010028701169,29694700
2024-04-29,394.5703430175781,398.56264677395114,391.56876617151903,397.5130677635141,19582100
2024-04-30,381.8970031738281,394.4820730278576,381.74008419354954,393.8248513162942,28781400
2024-05-01,387.3998107910156,394.0503658829947,382.85820192770694,385.1142783704824,23562500
2024-05-02,390.2444763183594,392.2945706625557,387.115377073286,390.0679200441085,17709400
2024-05-03,398.8961181640625,399.37675358596374,394.18774100881984,394.5997356096934,17446700
2024-05-06,405.6448059082031,406.02734455936377,398.61168058742396,400.9560656726651,16996600
2024-05-07,401.5249328613281,406.7531899905989,401.2797058272895,406.74337133005633,20018200
2024-05-08,402.7020263671875,404.3597634781988,398.9451315189421,400.37727892161104,11792300
2024-05-09,404.4480895996094,404.84044690561177,401.28956389363333,402.73150019277335,14689700
2024-05-10,406.82183837890625,407.4496339664975,403.93796601015913,405.0562156749531,13402300
2024-05-13,405.8212890625,410.36289822900073,402.9766616384639,410.02939307645266,15440200
2024-05-14,408.6070861816406,409.51932355356394,403.6927268958918,404.1537549120692,15109300
2024-05-15,415.7511291503906,416.4684944276212,410.0417760209351,410.6608675632263,22239500
2024-05-16,413.6973876953125,418.05067177577746,413.0684896947791,414.49335406459187,17530100
2024-05-17,412.9308776855469,415.5939551336606,410.7886480687753,415.2205329091171,15352200
2024-05-20,417.9720764160156,419.3772981518083,412.71474538865465,412.9309356548489,16272100
2024-05-21,421.6079406738281,425.4698558470045,417.4905197677202,419.4362019217813,21453300
2024-05-22,423.06231689453125,424.91959180983645,419.7310556819618,422.63977275649836,18073700
2024-05-23,419.603271484375,426.0889486573305,418.05065430726955,425.4698570651074,17211700
2024-05-24,422.7085266113281,423.5929302999633,417.0581313925194,419.78997344657733,11855300
2024-05-28,422.8658142089844,423.3571529882785,419.210252491479,422.18776429444347,15718000
2024-05-29,421.7356872558594,423.4750155168305,418.31595899186647,418.31595899186647,15517100
2024-05-30,407.4869384765625,416.95009868740084,407.06436431189735,416.95009868740084,28394500
2024-05-31,407.9389343261719,409.5308671519035,397.50290358954135,409.5308671519035,47995300
2024-06-03,406.3568115234375,409.21640680558284,401.8365187640821,408.33200300435846,17484700
2024-06-04,408.8626403808594,409.22622626275023,402.58331667273,405.2856798357907,14348900
2024-06-05,416.6651306152344,416.73389525429343,409.0886648755249,410.5725176189358,16988000
2024-06-06,417.166259765625,417.9425834215114,413.2945078470223,416.6651146111646,14861300
2024-06-07,416.5078430175781,418.8957420228007,415.67256118761725,418.81714102196315,13621700
2024-06-10,420.4582214355469,420.66457531575907,416.5471841383872,417.34315052242914,13982900
2024-06-11,425.1849060058594,425.3224952545953,417.88361916349896,418.1096457911631,14551100
2024-06-12,433.41973876953125,435.71920053687387,425.7450298401941,427.7791794767063,22366200
2024-06-13,433.9306945800781,435.709368351957,431.7589858154619,433.21335923548196,15960600
2024-06-14,434.903564453125,435.4636977946633,429.15489539650804,430.68786981308114,13582000
2024-06-17,440.6031188964844,443.1286073434569,433.0856417971322,434.92324397820295,20790000
2024-06-18,438.60833740234375,442.34253045464123,437.18347280743205,441.9199562747978,17112500
2024-06-20,437.9793701171875,438.79497924029823,433.6260860366594,438.5689526211533,19877400
2024-06-21,441.98870849609375,442.77483854275334,438.7753636944757,439.63028836717615,34187100
2024-06-24,439.9152526855469,444.9072412251996,438.677069430459,442.00833058442447,15913700
2024-06-25,443.1384582519531,443.60031790530934,439.01120049902784,440.4852168409384,16413400
2024-06-26,444.3274841308594,445.7425422004591,440.4262530619795,441.222219477512,16507000
2024-06-27,445.0054931640625,448.267989524247,443.9441847148766,444.3470860716105,14806300
2024-06-28,439.2077331542969,447.4916975183524,438.6770788922511,445.22171482768863,28362300
2024-07-01,448.81829833984375,449.447196335744,437.94005138791704,440.88808384173325,17662800
2024-07-02,451.32415771484375,451.62878536550966,445.26102385148636,445.3494912239479,13979800
2024-07-03,452.7882995605469,453.03396893483153,449.94837718806366,450.25300481306164,9932800
2024-07-05,459.460693359375,460.2370169877969,451.01949716215944,451.6483951731934,16000300
2024-07-08,458.16357421875,459.59830504287737,456.41440936822374,458.4682018620652,12962300
2024-07-09,451.57965087890625,459.23468742094946,450.0663190511327,458.9104170237532,17207200
2024-07-10,458.1733703613281,458.37972423311413,450.91136946375343,453.2305038870679,18196100
2024-07-11,446.8234558105469,456.72883147324404,443.7279978013262,454.96002402992053,23111200
2024-07-12,445.693359375,448.45468069664645,442.8436006787632,446.459846610387,16324300
2024-07-15,446.09625244140625,449.33910606074033,443.61007966105154,445.4476817175394,14429400
2024-07-16,441.733154296875,446.430351284593,438.92271119875926,446.35175028412175,17175700
2024-07-17,435.8371276855469,437.14410559537976,431.5723108003405,434.92324477920374,21778000
2024-07-18,432.74163818359375,436.94749622050165,426.87505295560237,436.6428686281901,20794800
2024-07-19,429.5380859375,433.4983044830898,424.51661902840283,425.5975701209377,20940400
2024-07-22,435.26715087890625,436.89839903999433,431.3069619660928,434.1370778123692,15808800
2024-07-23,437.1440734863281,440.6227600869156,435.4243879336588,436.21051790501895,13107100
2024-07-24,421.4703369140625,433.8324355773718,420.183031900693,432.82027904039575,26805800
2024-07-25,411.15228271484375,422.35480083589914,410.2777152857788,421.3721232816147,29943800
2024-07-26,417.9032897949219,421.49008700580964,410.04186903933714,410.9557819937685,23583800
2024-07-29,419.33795166015625,424.66404655168895,417.3431176712943,424.1039132176947,15125800
2024-07-30,415.593994140625,421.6177822082065,410.13027948455533,420.31083428857175,32687600
2024-07-31,411.1031188964844,414.47369536650564,405.0694649339739,413.21586942488864,42891400
2024-08-01,409.88458251953125,420.05530026736574,405.9342299111822,413.5008583778063,30296400
2024-08-02,401.4139099121094,407.81114983489476,397.3358044115477,405.3446197900361,29437900
2024-08-05,388.30499267578125,394.09297731515574,378.9007621776494,382.42860065253456,40709200
2024-08-06,392.6877746582031,398.64282840268,391.59701693545804,393.07103331037194,24946500
2024-08-07,391.5281982421875,402.97638538590667,390.58483621712907,401.5613573427881,20650900
2024-08-08,395.71441650390625,398.82948747665125,393.01205329948556,395.4687471216862,20203000
2024-08-09,398.9867248535156,400.9815590644515,395.2918776876415,397.0312061411671,19276700
2024-08-12,399.7630310058594,401.6792641246606,397.23754263585204,400.008700380632,16762900
2024-08-13,406.83831787109375,407.7620371122612,402.475227409518,402.49487016333154,19414300
2024-08-14,409.638916015625,410.484034234621,405.30533476037385,407.61460282522484,18267000
2024-08-15,414.482421875,414.56116454959863,411.16483466760724,413.27153919674845,20752100
2024-08-16,411.9622802734375,414.787643452163,410.81046198721873,414.0591609720714,22775600
2024-08-19,414.97467041015625,415.19125033166955,409.9835081573214,412.4446299731582,15234000
2024-08-20,418.19378662109375,419.23729981689326,415.082955234779,415.14201975205145,16387600
2024-08-21,417.5440673828125,419.7689009161739,415.1616884163413,417.48497282390196,16067300
2024-08-22,409.08758544921875,420.1528076484466,408.16220140309326,417.7605748245769,19361900
2024-08-23,410.3083801269531,412.73996960606866,405.6814592418378,410.4954277824997,18493800
2024-08-26,407.0596618652344,410.7907306533513,404.94310328054127,409.89487877847426,13152800
2024-08-27,407.4042663574219,407.9161688910183,403.8700989564779,406.43949576869113,13492900
2024-08-28,404.21466064453125,408.54622911327857,400.975815861933,408.42810007077503,14882700
2024-08-29,406.6954345703125,415.48655408743093,404.2146347079457,408.4871383812944,17045200
2024-08-30,410.6529846191406,410.9975176628722,405.72088654420793,409.1369250633482,24308300
2024-09-03,403.0726623535156,413.3503087826454,400.7001374742272,411.41094371784055,20313600
2024-09-04,402.5410461425781,404.8446523736478,398.0814949690352,399.59755429893164,15135800
2024-09-05,402.03900146484375,406.67574622741506,399.8141378862011,401.28095677141835,14195500
2024-09-06,395.45306396484375,404.2638620080845,394.56703607993364,402.6985921439958,19609500
2024-09-09,399.4105224609375,402.2949499033103,395.89603343829765,400.9068736495872,15295100
2024-09-10,407.7586364746094,409.8554868302287,401.3597203496137,401.8519446669211,19594300
2024-09-11,416.4611511230469,417.3963592828998,403.21045111442425,409.03840014283475,19266900
2024-09-12,420.359619140625,420.7238603737511,413.22236565404535,416.7270008247058,17395700
2024-09-13,423.8937683105469,425.11447510259467,418.84354159900835,419.20778281644255,15874600
2024-09-16,424.632080078125,426.7880250402565,421.5606050753592,423.9035976857479,13834700
2024-09-17,428.3828430175781,434.9786612819886,425.54762597309116,433.3838592052121,18874200
2024-09-18,424.1103210449219,429.249144206207,423.7165475930165,428.235163297131,18898000
2024-09-19,431.8677978515625,434.63409626466625,430.1056262859268,434.36830593406904,21706600
2024-09-20,428.5010070800781,432.4092699149114,427.46734788448686,430.4206942067389,55167100
2024-09-23,426.7683410644531,429.6724465370328,423.6968661035608,427.52635570448473,15128900
2024-09-24,422.495849609375,426.61083784634445,419.4735849772464,426.2662748026867,17015800
2024-09-25,425.3900451660156,426.38434780743177,421.905118957441,423.14550369143143,13396400
2024-09-26,424.6025390625,428.53047950890726,422.45644824495844,428.3237537072511,14492000
2024-09-27,421.36370849609375,425.1341637224931,420.8222737453315,424.80927883764434,14896100
2024-09-30,423.6082763671875,423.7264354508624,418.75495134014767,421.55078212730024,16807300
2024-10-01,414.1477355957031,421.81659955830685,412.2969671899716,421.78706729834266,19092900
2024-10-02,410.64306640625,416.2445815766932,410.22958475813624,416.0082934736332,16582300
2024-10-03,410.062255859375,413.02542591560956,407.84724636027164,411.1353013004486,13686400
2024-10-04,409.5896911621094,413.2223089798081,408.5166457695598,411.7357819472086,19169700
2024-10-07,403.1711120605469,410.6233655735784,402.6395013728588,409.5306419831522,20919800
2024-10-08,408.2607116699219,409.19594995144206,401.82243880752753,404.5099645290717,19229300
2024-10-09,410.9679870605469,413.842590771439,407.85712525174335,409.3928629741536,14974300
2024-10-10,409.3731689453125,410.8596961873674,406.7249993762307,408.7726696220669,13848400
2024-10-11,409.8456726074219,410.6430736171545,406.8234080163179,409.6684790592566,14144900
2024-10-14,412.621826171875,417.4456186019399,411.02699410502277,411.27310627026066,16653100
2024-10-15,412.22802734375,415.9098858066577,408.80216519233556,415.61453317923247,18900200
2024-10-16,409.6488037109375,409.88506179410496,404.0965284555642,408.7135954364056,15508900
2024-10-17,410.239501953125,415.92961477123424,409.12707001088165,415.79177751966756,14820000
2024-10-18,411.6570739746094,413.12389293089865,409.78662744422246,410.6529471112624,17145300
2024-10-21,412.2673645019531,412.4445580314681,407.315589473935,409.6487277415062,14206100
2024-10-22,420.8616638183594,423.8838984262341,411.53893363879695,411.9819175179694,25482200
2024-10-23,417.9969177246094,424.37612597688815,415.95910173602493,424.1595460644349,19654400
2024-10-24,418.1249084472656,419.35546932603506,415.83112614516494,418.7155536346828,13581600
2024-10-25,421.4916687011719,425.79370434385993,419.9362531076575,420.1233007480341,16899100
2024-10-28,419.9559326171875,425.2227387354677,419.6704341057476,424.9470943239702,14882400
2024-10-29,425.2326354980469,426.4336641349943,419.1782518516455,421.34405104712135,17644100
2024-10-30,425.8036193847656,431.68077966192817,425.3803136298507,430.6372663836306,29749100
2024-10-31,400.03070068359375,409.6881391925744,399.981460227055,408.90056227484143,53971000
2024-11-01,403.98822021484375,409.0384470027673,401.162857168779,402.6493843637014,24230400
2024-11-04,402.1078796386719,404.0374205874987,399.26283871579096,403.42703719981586,19672300
2024-11-05,405.0612487792969,408.4477546696806,401.73380740675793,402.019305938334,17626000
2024-11-06,413.6456298828125,413.91145024796907,404.1358522419557,406.00632872643234,26681800
2024-11-07,418.81396484375,420.21189508853655,413.3502870767265,414.72850912180576,19901800
2024-11-08,415.968994140625,419.8674028807744,415.2208034572557,418.70576053564287,16891400
2024-11-11,411.5093994140625,418.2036383732599,409.530647967578,415.9492425000552,24503300
2024-11-12,416.4513244628906,417.8394007087299,410.71200186963034,411.7456609678349,19401200
2024-11-13,418.58758544921875,422.65333320998997,411.70626883397995,415.0829505962656,21502200
2024-11-14,420.2513427734375,421.51143597611144,413.4684764416515,418.390720208814,30246900
2024-11-15,408.5461730957031,416.22486023548765,407.207337406915,413.29122260558944,28247600
2024-11-18,409.29443359375,411.8933627455597,405.6913474607701,408.41825976061074,24727000
2024-11-19,411.2928161621094,411.4404774532615,405.149836063281,406.6855735772408,18133500
2024-11-20,409.02862548828125,410.8006513678973,404.19497823742415,410.38716964975555,19191700
2024-11-21,407.2628479003906,414.07900747535325,404.71789987463876,413.8028113322242,20780200
2024-11-22,411.33685302734375,411.73141473144454,405.4775199069054,405.7833074853181,24814600
2024-11-25,413.1025085449219,415.36138685697927,409.21601445717323,412.698073057269,27691100
2024-11-26,422.1775207519531,423.21327891734404,413.16166540924917,413.8916059444426,23458900
2024-11-27,417.2454528808594,421.42789081016514,416.28862504102557,419.33665679394954,18332400
2024-11-29,417.7090759277344,419.10980447039015,412.1259395107062,414.384847961252,16271900
2024-12-02,425.126953125,427.1195090506518,415.58826631722377,415.84474493949193,20207200
2024-12-03,425.3439636230469,426.5967051479557,421.93093157664276,424.00241788094525,18302000
2024-12-04,431.4794616699219,433.69890467425466,426.75450568960144,427.1490673141917,26009400
2024-12-05,436.60882568359375,438.62112911545074,430.24644042721326,431.9726738856543,21697800
2024-12-06,437.5459899902344,440.04162946603964,435.7704172944161,436.29321828806303,18821000
2024-12-09,439.96270751953125,442.2413336019405,434.51768404131514,436.5891705079944,19144400
2024-12-10,437.3092346191406,443.5138201555157,435.60274857576576,438.3548667232301,18469500
2024-12-11,442.8923645019531,444.23391032066826,438.0194510528632,438.0194510528632,19200200
2024-12-12,443.45458984375,449.96496224230685,443.0106891858234,443.0106891858234,20834800
2024-12-13,441.1957092285156,445.2992167545738,439.5286583553318,442.34983294961415,20177800
2024-12-16,445.4570617675781,446.03904550783295,439.2327587604127,441.1957234184863,23598800
2024-12-17,448.2880859375,449.1068307764244,443.4645114369834,444.8849575716068,22733500
2024-12-18,431.4498596191406,446.50259444129426,431.08485926973066,445.1906702988088,24444500
2024-12-19,431.09478759765625,437.1612597390131,430.39443838506674,435.6224481744677,22963700
2024-12-20,430.6706237792969,437.7136411325363,422.80886164173944,427.22800034083093,64263700
2024-12-23,429.3389587402344,431.70635881030796,426.9518110200716,430.80871372187636,19152500
2024-12-24,433.3635559082031,433.6299083717355,428.2933766162313,428.74712104240933,7164500
2024-12-26,432.1600646972656,434.95164765481866,430.7001836707867,433.11689244443306,8194200
2024-12-27,424.68304443359375,429.30935275325726,420.5598195240772,428.69777768381334,18117700
2024-12-30,419.0604553222656,421.7435167493127,416.17025429217676,420.27376177490316,13158700
2024-12-31,415.7756652832031,420.93464819489714,414.9470768224156,420.3131993235258,13246500
2025-01-02,412.89532470703125,420.2836247921959,409.21600045312425,419.7509500092328,16896500
2025-01-03,417.6005554199219,418.2713132207811,413.8423008464514,415.36136467137544,16662900
2025-01-06,422.0393981933594,428.4215306756368,419.70158985232825,422.1873550308068,20573600
2025-01-07,416.6338806152344,424.801430542522,415.0851952170159,423.1738448521772,18139100
2025-01-08,418.7941589355469,421.1714329663283,415.81518360520914,417.7090917280971,15054600
2025-01-10,413.26031494140625,418.94206877538755,409.3836648034606,418.86316848876044,20201100
2025-01-13,411.52423095703125,412.8164377086338,406.690782868284,409.6007014640922,17604800
2025-01-14,410.02490234375,414.03960580749714,405.1421150215387,412.1358238822972,16935900
2025-01-15,420.52032470703125,422.3353322412216,412.5895067029493,413.43784278377154,19637800
2025-01-16,418.8138427734375,423.6571645662551,418.6264508238549,422.8779150872359,15300000
2025-01-17,423.2033996582031,428.579395977241,422.35509365285844,428.1946780656617,26197500
2025-01-21,422.6806335449219,425.0480336398343,419.82002384260585,424.3575582513444,26085700
2025-01-22,440.1402587890625,441.1957044539868,430.0787709144918,431.6175824572203,27803800
2025-01-23,440.643310546875,440.68277574358376,435.50407496539947,435.9972845633218,18389300
2025-01-24,438.0293273925781,440.5841496239721,435.40544858930485,439.11439458237174,15549500
2025-01-27,428.6582946777344,429.2896173703644,417.7485015093757,418.2515848986201,35647800
2025-01-28,441.12664794921875,442.2906153004339,425.5214900534852,428.6977608632086,23491700
2025-01-29,436.3227844238281,440.81100977301065,434.41900262341227,440.6235877197962,23581400
2025-01-30,409.3540954589844,417.1172097708342,407.54896156269734,413.0827588425547,54586300
2025-01-31,409.42315673828125,414.976701732093,409.27519987674,413.2899333042713,34161900
2025-02-03,405.33941650390625,409.7684293585694,403.11009933813943,406.0101743775102,25679100
2025-02-04,406.7696838378906,408.29865167160733,404.1753965052981,407.0853452090854,20532100
2025-02-05,407.6772155761719,408.2098602907994,404.8264495269334,406.74997908357795,16316700
2025-02-06,410.1728210449219,412.5205034548323,408.37753095462284,408.37753095462284,16309800
2025-02-07,404.1852722167969,412.96439718513943,402.5576865372201,410.82388435232116,22886800
2025-02-10,406.6217346191406,409.81772327895646,405.3394016663598,408.0914896331453,20817900
2025-02-11,405.8523254394531,406.88805357704496,403.741373863551,404.07678288840276,18140600
2025-02-12,403.4849548339844,405.17172339110687,398.8783635040398,401.6797906754277,19121700
2025-02-13,404.96453857421875,405.4182829681306,400.8412835235649,401.4726062482461,23891700
2025-02-14,402.8832092285156,403.35670130819824,400.3678521686821,402.25191655873215,22758500
2025-02-18,404.0767822265625,405.0237362453633,400.9794114377888,402.4590402622825,21423100
2025-02-19,409.1370544433594,409.84727742582396,402.11375500738893,402.3406422459273,24114200
2025-02-20,411.3016662597656,414.4447616167347,407.75332449561745,410.47141636340496,23508700
2025-02-21,403.47357177734375,413.1993956224997,403.15730762956775,412.4976421272199,27524800
2025-02-24,399.31243896484375,404.62012670611466,394.6867476536957,403.77011965609864,26443700
2025-02-25,393.283203125,397.25657880262406,392.09714469383994,396.44608593506547,29387400
2025-02-26,395.0919494628906,398.9170410828285,389.6755229646048,393.3919053914201,19619000
2025-02-27,387.97552490234375,401.03224256641477,387.6197164134029,396.61410618114576,21127400
2025-02-28,392.38372802734375,393.01631660620876,382.0846478468725,388.10398215130573,32845700
2025-03-03,383.98236083984375,394.1925192721913,381.67940898205217,394.1925192721913,23007700
2025-03-04,384.1009826660156,388.0249203607145,376.5792952112664,378.9514422192701,29342900
2025-03-05,396.366943359375,397.00942552278195,384.29862476159957,384.82247395089007,23433100
2025-03-06,392.2849426269531,397.4838909032578,388.12376908504734,389.70521049036057,23304600
2025-03-07,388.7464599609375,390.2191619837315,381.0666253730808,387.76795648683793,22034100
2025-03-10,375.7490539550781,381.91664235119805,372.8431639999478,381.3631423753148,32840100
2025-03-11,376.03570556640625,381.5212976511773,372.53677123025375,374.6025176419591,30380200
2025-03-12,378.8229064941406,380.75029270527517,374.55305438782165,378.5066423790862,24253600
2025-03-13,374.3751525878906,380.8491715851453,373.07049136146827,378.71423026442886,20473000
2025-03-14,384.05157470703125,385.7022111357248,375.10659301872727,375.3734493768336,19952800
2025-03-17,384.1899719238281,388.15342385678485,381.0962841175908,382.2131776873556,22474300
2025-03-18,379.0700378417969,382.87537263830677,376.67813379609476,382.57886557924786,19486900
2025-03-19,383.3201904296875,385.1585946525035,379.5445060727477,381.0567525075918,19185500
2025-03-20,382.3515625,387.244140619299,378.8328709429988,381.26431956643484,18470500
2025-03-21,386.72027587890625,387.19468720298374,378.35841433019584,378.7735544022507,39675900
2025-03-24,388.51910400390625,390.81219242783766,385.2870564688155,390.81219242783766,21004500
2025-03-25,390.57501220703125,391.7610706609813,388.0842623065983,389.34940942223693,15775000
2025-03-26,385.44525146484375,390.7232888134518,384.06150143845576,390.4168880991619,16108400
2025-03-27,386.048095703125,387.6888383797828,382.9050004114053,385.6033351411741,13766800
2025-03-28,374.40484619140625,384.61500612887534,372.5565482590105,383.5771709738401,21632000
2025-03-31,371.034423828125,372.694923815259,362.9789628551185,368.2174858935481,35184700
2025-04-01,377.7555236816406,378.4078694453165,368.89949332324585,370.3030004386035,19689500
2025-04-02,377.7060546875,380.6119141988697,372.25008378933455,373.5844258095808,16092600
2025-04-03,368.7807922363281,373.10011248760316,365.06444000689004,370.4413221297822,30198000
2025-04-04,355.664794921875,370.2436515761853,355.30898645827625,359.90502676066706,49209900
2025-04-07,353.7077941894531,366.6953473866903,340.78946619633433,346.808801297969,50425000
2025-04-08,350.4460754394531,369.3145725706382,346.18608632628985,363.98712785508354,35868900
2025-04-09,385.95916748046875,388.66739600040677,349.00301621371585,349.43791334353114,50199700
2025-04-10,376.92523193359375,379.44563241847453,363.5324334212975,377.6269854135807,38024400
2025-04-11,383.94287109375,385.52428234575257,374.4937970946495,376.2234920445777,23839200
2025-04-14,383.3102722167969,390.0709046779098,379.75203666792555,388.6575040815548,19251200
2025-04-15,381.25439453125,387.342923812398,379.7026039659422,384.00213704858294,17199900
2025-04-16,367.2982177734375,377.1821883945702,363.7301188576812,376.25312290658945,21967800
2025-04-17,363.5126647949219,369.9767899290697,362.6330071079686,369.41339637295704,21120200
2025-04-21,354.9531555175781,360.25097956592975,351.54320368031085,358.6102367890087,20807300
2025-04-22,362.5638427734375,363.5028019496421,355.68457702509073,359.1637542302739,19485000
2025-04-23,370.0460205078125,375.9764033603888,368.69189108581185,371.6966268435602,20545500
2025-04-24,382.8061828613281,383.9428636514652,370.8367085183124,371.3408006891215,22232300
2025-04-25,387.3034362792969,387.6098369882708,380.13755681192964,382.5097039822226,18973200
2025-04-28,386.62139892578125,388.18305301396595,382.1538550582223,387.41210451108003,16579400
2025-04-29,389.468017578125,390.5157161336794,385.8504804253008,386.75978890275064,14974000
2025-04-30,390.673828125,392.05757796403765,379.979364791359,385.77135703314644,36461100
2025-05-01,420.464111328125,431.91962985286955,419.9699127886788,426.1078502028247,58938100
2025-05-02,430.2294921875,434.3412277785372,425.0008630376841,426.7305579775838,30757400
2025-05-05,431.10919189453125,434.40054108405303,427.09627177369964,427.8474632490504,20136100
2025-05-06,428.2823791503906,432.65110795280134,426.1672248726853,427.1852727603517,15104200
2025-05-07,428.3218688964844,433.0365119798482,426.10783898687293,428.8061738000786,23295300
2025-05-08,433.0859680175781,438.5221520354275,430.60508165893515,432.8487322038109,23491300
2025-05-09,433.63946533203125,435.6261229679929,430.8225275981773,434.89471877509555,15324200
2025-05-12,444.04730224609375,444.1560114514232,434.67728663767485,440.7658165502587,22821900
2025-05-13,443.9287109375,445.4409573721911,440.19254074927665,442.5844751269483,23618800
2025-05-14,447.6846008300781,448.6334536340928,442.940306646518,442.940306646518,19902800
2025-05-15,448.6946105957031,451.7246558325709,446.0210270484144,446.3576953837484,21992300
2025-05-16,449.82342529296875,449.91254071320964,444.3376746324017,447.6251542704443,23849800
2025-05-19,454.3784484863281,455.0914021356244,446.38743262939596,446.4666664897976,21336500
2025-05-20,453.685302734375,453.85362179890075,449.87298168888566,451.1305396548173,15441800
2025-05-21,448.1401062011719,453.2991005803846,447.38753565613104,450.12052955644793,19216900
2025-05-22,450.40765380859375,455.74490907390424,449.4570590917957,450.4967994491365,18025600
2025-05-23,445.7734680175781,449.2491205375805,444.51591011589574,445.5754438212613,16883500
2025-05-27,456.1806335449219,456.43809825868186,451.6553587930952,452.0118507212909,20974300
2025-05-28,452.8831481933594,457.9926435100278,452.457364471685,456.7053805592909,17086300
2025-05-29,454.1902770996094,457.2005290082406,450.8532686393741,457.0321797296883,13974800
2025-05-30,455.8537902832031,457.16087682654637,451.08099341488645,455.2200705832806,34770500
2025-06-02,457.44805908203125,457.58667299374565,452.41779739511384,452.66535029783114,16626500
2025-06-03,458.43829345703125,459.5968543955761,456.3489311405408,456.9529759669727,15743800
2025-06-04,459.3294677734375,461.1316602074749,458.48778183720145,459.4582001214203,14162700
2025-06-05,463.1021728515625,465.05289099241804,459.487906406924,460.40879598021155,20131700
2025-06-06,465.7757568359375,468.7067748339504,464.19141216551986,465.4885869985769,15285600
2025-06-09,468.12255859375,468.7958952647425,464.0329796350046,465.10242514198006,16469900
2025-06-10,466.31048583984375,468.172058367284,462.38922592870773,466.57783210788693,15375900
2025-06-11,467.99383544921875,470.81594475736864,465.0628173622344,465.4192790589967,16399200
2025-06-12,474.1826171875,475.7174632765806,468.88497916047487,470.3702965389571,18950600
2025-06-13,470.3109130859375,474.48960742449077,468.13246560456287,471.74673205457395,16814500
2025-06-16,474.45001220703125,475.98482813726486,470.3505215770748,470.5584575569121,15626100
2025-06-17,473.36077880859375,474.0539088222925,469.4395189734987,470.7466055851971,15414100
2025-06-18,475.5392761230469,476.2918467151281,469.8158534773037,473.3212114965306,17526500
2025-06-20,472.7270202636719,478.7277002496467,472.2022093150259,477.5097592999014,37576200
2025-06-23,481.24285888671875,482.97572926336846,467.8849134818946,473.52910172023695,24864000
2025-06-24,485.3125915527344,487.0355802812341,482.03499358247046,484.16397269221426,22305600
2025-06-25,487.45147705078125,489.71907018583636,484.59969288856837,487.2237477118272,17495100
2025-06-26,492.5808410644531,493.16506236350125,487.98624409592895,488.154593387658,21578900
2025-06-27,491.0855407714844,494.41263722515527,488.20402140418383,492.6797669341534,34539200
2025-06-30,492.5411682128906,495.8583832017286,490.4815111095117,492.17479474651304,28369000
2025-07-01,487.233642578125,493.1749126279045,486.17413905224953,491.61039147776194,19945400
2025-07-02,486.28302001953125,488.66943364597034,483.9164299655294,485.1937811955959,16319600
2025-07-03,493.9571838378906,495.2345653483035,488.6100468852986,488.9764203666982,13984800
2025-07-07,492.84814453125,493.86806132382594,490.38252718836065,492.51147619590915,13981600
2025-07-08,491.7588806152344,493.3234318678901,489.2734398258723,492.37280697303856,11846600
2025-07-09,498.58148193359375,501.8194631786975,494.8483646402868,495.40288075164045,18659500
2025-07-10,496.57135009765625,499.502368126141,492.8778497571002,498.12595942487985,16492100
2025-07-11,498.3933410644531,500.08659454551145,492.9273533491097,493.59080845907414,16459500
2025-07-14,498.09625244140625,499.0369655948213,496.1257409313552,496.6109349689791,12058800
2025-07-15,500.8688659667969,503.3245715280963,497.8685258646023,498.0962552049,14927200
2025-07-16,500.6708068847656,501.7600457375481,496.9773367906475,500.2351113436526,15154400
2025-07-17,506.6913146972656,508.34495123446135,500.67081092720053,500.7302212088446,17503100
2025-07-18,505.0574645996094,509.6025628871289,502.46311478523944,509.44409517028413,21209700
2025-07-21,505.0673522949219,507.0775109565722,500.6014880788464,501.75013722027745,14066800
2025-07-22,500.32421875,506.19619667447284,500.32421875,505.968437121084,13868600
2025-07-23,500.9183654785156,501.82937349813983,495.7989881406536,501.78975657062705,16396600
2025-07-24,505.87933349609375,508.6420022469781,502.334358860161,503.7899711970312,16107000
2025-07-25,508.681640625,513.2167663968169,505.3643953860848,507.4537274302719,19125700
2025-07-28,507.48345947265625,509.9589885432546,505.12675096242896,509.0480107678364,14308000
2025-07-29,507.5527648925781,512.5533213636355,506.55264151082275,510.48381297361453,16469200
2025-07-30,508.21624755859375,510.89974304598894,504.45345515414937,510.127348903314,26380400
2025-07-31,528.27783203125,550.0129864113624,526.6935178159886,549.7951084550788,51617300
2025-08-01,518.9797973632812,530.5553736121248,515.7616096000787,529.7632164041114,28977600
2025-08-04,530.39697265625,532.981410508703,522.960473635689,523.0991177691142,25349000
2025-08-05,522.5841674804688,532.0406760929504,522.0791498987046,531.9218555369729,19171600
2025-08-06,519.8016967773438,526.4955370830186,518.9006307843745,525.70337986457,21355700
2025-08-07,515.7418212890625,522.9208551796034,512.483986539974,521.6434435727333,16079100
2025-08-08,516.9300537109375,519.524403327164,514.3257923084495,517.4845698020915,15531000
2025-08-11,516.6627197265625,522.4257584225397,514.6327376205326,517.1875004407061,20194400
2025-08-12,524.0596313476562,525.7825900386109,517.5836685759962,518.6233787752558,18667000
2025-08-13,515.4844360351562,527.4857972911225,514.2862580919234,526.901545781552,19619200
2025-08-14,517.3657836914062,520.8018496782777,515.0487221853349,517.445017549053,20269100
2025-08-15,515.078369140625,520.9503168823401,513.9990723038397,517.6529556536844,25213300
2025-08-18,512.0384521484375,517.7024945692299,508.98864359035275,516.4845535034275,23760600
2025-08-19,504.7801818847656,510.11740696385556,503.5721224631474,509.9589996924715,21481000
2025-08-20,500.7698669433594,505.9981835608303,499.50239716393804,504.87923949406314,27723000
2025-08-21,500.1251220703125,503.48747238505433,498.6175369804135,499.57962247206007,18443300
2025-08-22,503.09075927734375,506.5621975190336,498.3100856343386,500.13506667774504,24324200
2025-08-25,500.1449890136719,504.04291093011733,500.00611695670057,502.4956437530773,21638600
2025-08-26,497.9430847167969,500.8590951140394,494.44189267773186,500.24412923099453,30835700
2025-08-27,502.604736328125,503.1502662118434,495.8205578102606,497.9034268047853,17277900
2025-08-28,505.4810791015625,506.91922816363694,501.3748491905692,502.95187030654046,18015600
2025-08-29,502.5551452636719,505.44140176386463,500.3730863144936,504.5090702372647,20961600
2025-09-02,500.9979248046875,501.87074834041937,492.75574161607386,496.38587753866574,18128000
2025-09-03,501.2260437011719,503.6461342434815,498.22077154875547,499.6787766683557,16345100
2025-09-04,503.82470703125,504.00323087503085,499.0440334241921,500.1846427841772,15509500
2025-09-05,490.9605407714844,507.79205789513924,488.35199810583333,504.9157294675595,31994800
2025-09-08,494.13446044921875,497.10997900607424,490.99031585598385,494.0451682561979,16771000
2025-09-09,494.34271240234375,498.15137232357364,493.63851485593227,497.33805669614713,14410500
2025-09-10,496.2867126464844,499.1233892811019,492.66650462093776,498.8754294126598,21611800
2025-09-11,496.9215087890625,499.0638857033828,493.8170463660224,498.15138006137016,18881600
2025-09-12,505.73895263671875,508.367321245748,499.73833579713096,502.5154742767582,23624900
2025-09-15,511.1543884277344,511.2634762434591,502.86262476523797,504.63802593930427,17143800
2025-09-16,504.8859558105469,513.0090929577493,504.449544036503,512.6619733694059,19711900
2025-09-17,505.85797119140625,507.11762672901375,501.8013512662406,506.4530809454648,15816600
2025-09-18,504.30078125,508.883074673213,503.5172196080818,507.31595138937655,18913700
2025-09-19,513.7034301757812,515.0622454615835,506.1456179521661,506.39357782967863,52474100
2025-09-22,510.2518310546875,513.5149611406991,508.35738375283694,511.3825425873763,20009300
2025-09-23,505.0744323730469,510.3907077578639,503.17008724169204,509.60711582016205,19799600
2025-09-24,505.9869079589844,508.29788064425674,502.7832857896144,506.215041937542,13533700
2025-09-25,502.8923645019531,505.84805701475193,500.9186136455738,504.15198973027213,15786500
2025-09-26,507.28619384765625,509.74596656687834,502.4856945681329,505.8976246789574,16213100
2025-09-29,510.40057373046875,512.6322125671903,504.72728094557834,507.325895548039,17617800
2025-09-30,513.7232666015625,513.9315141469417,505.5009089039439,509.05168089535164,19728200
2025-10-01,515.4688720703125,516.2623314762835,507.51430077675985,510.5989067561486,22632300
2025-10-02,511.53131103515625,517.343476169315,506.5126054199375,513.4158303625842,21222900
2025-10-03,513.1281127929688,516.2425031799986,510.7973143114264,512.8801529316524,15112300
2025-10-06,524.256591796875,526.6965386672223,513.9712214168786,514.377848960065,21388600
2025-10-07,519.7040405273438,525.4765536672338,517.1847899970462,523.9788663400786,14615200
2025-10-08,520.5669555664062,522.6498549115006,518.8213688365025,519.0098207695767,13363400
2025-10-09,518.136962890625,520.0512058016051,513.1777655449532,518.07745494396,18343600
2025-10-10,506.790283203125,519.3073226434543,505.47115003636685,515.3994727403434,24133800
2025-10-13,509.8551025390625,512.1958293204747,507.50444767633473,512.1958293204747,14284200
2025-10-14,509.37896728515625,511.07503445038043,501.87073577210117,506.06622732552523,14684300
2025-10-15,509.24017333984375,512.9694997370561,505.8381709448021,510.7577169104775,14694700
2025-10-16,507.4349670410156,512.6321960787722,503.9833851231019,508.3970827878481,15559600
2025-10-17,509.3889465332031,511.2734052578957,503.1700935064365,504.8859867353243,19867800
2025-10-20,512.57275390625,514.4672014016805,509.24018745186737,510.41055088987974,14665600
2025-10-21,513.4356079101562,514.4572316509175,508.8533142722573,513.2769402267872,15586200
2025-10-22,516.2920532226562,520.9437823737373,513.4851913413816,516.8971212574951,18962700
2025-10-23,516.3119506835938,519.6743010066873,514.3778516149157,518.1964698863214,14023500
2025-10-24,519.3370971679688,521.0628883153897,516.4607987679614,518.5237814648117,15532400
2025-10-27,527.1825561523438,530.2175826339089,524.6930292943027,527.4404441110845,18734700
2025-10-28,537.6463623046875,549.2012543795508,536.356983260493,545.5116410650497,29986700
2025-10-29,537.130615234375,541.8121286840217,532.3499420595073,540.4929653309738,36023000
2025-10-30,521.4695434570312,530.6043464776645,517.8592331602406,526.1509968235328,41023100
2025-10-31,513.5843505859375,525.0004316167937,510.896444053691,524.5640198650095,34006400
2025-11-03,512.8107299804688,520.676008789008,510.3906395365282,515.5680119038287,22374700
2025-11-04,510.1327819824219,511.34279700787874,503.6957236126803,507.5837474278435,20958700
2025-11-05,503.0213317871094,510.6287541811956,502.4460479183387,509.1112106662694,23024300
2025-11-06,493.04339599609375,501.5732213085109,491.7639146320967,501.53353925537283,27406500
2025-11-07,492.76568603515625,495.30479262227396,489.2248119110569,492.89463000746537,24019800
2025-11-10,501.87078857421875,502.7138582055711,494.729532044403,495.9594336108676,26101500
2025-11-11,504.5289001464844,505.4414057875519,498.2505695472254,500.68055811559174,17980000
2025-11-12,506.96881103515625,507.4944847122113,495.04688194383186,505.20330782589343,26574900
2025-11-13,499.1828918457031,509.3095642884979,497.1992129195551,506.1455939798088,25273100
2025-11-14,506.01666259765625,507.4250879884235,493.38063720960855,494.1641988801248,28505700
2025-11-17,503.3486022949219,507.94082387806293,500.7896697837805,504.300789978241,19092800
2025-11-18,489.76043701171875,498.87544447228873,482.8076324047851,491.3275301094218,33815100
2025-11-19,483.1448669433594,491.14901921379453,478.88986688506054,486.1005596390223,23245300
2025-11-20,475.4139099121094,490.4584800066478,472.50238827815747,489.6038857855625,26802500
2025-11-21,469.1436462402344,475.9007957312625,465.3179114267742,475.4834301610789,31769200
2025-11-24,471.0118408203125,473.89355276873187,465.06952862032074,472.005536687022,34421000
2025-11-25,473.9829406738281,476.12932719889915,461.9592459889855,471.08136597664605,28019800
2025-11-26,482.4393005371094,485.2315832491155,478.16642081896737,483.24419169180504,25709100
2025-11-28,488.9082946777344,489.5243812398697,483.5820692635899,484.5260924315005,14386700
2025-12-01,483.6714782714844,486.7718042788117,481.59465771305275,485.3607732415945,23964000
2025-12-02,486.91094970703125,490.38888506208144,483.2541563831954,483.6516286444489,19562700
2025-12-03,474.7182922363281,481.18723109312356,472.2042431453193,473.3171775583083,34615100
2025-12-04,477.8086853027344,478.2856702042714,473.4861025034468,476.7355071807625,22318200
2025-12-05,480.11407470703125,480.35255199911325,475.86105782216015,479.4780948278929,22608700
2025-12-08,487.9245300292969,489.1964595164875,481.32640529111774,481.8331998835391,21965900
2025-12-09,488.9181823730469,489.01755801519323,485.42038417588924,486.016607703579,14696100
2025-12-10,475.5430603027344,481.19719183884354,472.084987996716,480.97857754952304,35756200
2025-12-11,480.422119140625,482.96597801292137,472.86007818396723,473.6252433732215,24669200
2025-12-12,475.51324462890625,479.40854546431024,473.3370484252935,476.79512068758515,21248100
2025-12-15,471.82666015625,477.6894594742654,469.5411415575728,477.0733729131614,23727700
2025-12-16,473.38677978515625,474.87732355778707,467.911505956298,468.9350114671635,20705600
2025-12-17,473.1184387207031,476.9739832708393,472.0055042784347,473.903466892556,24527200
2025-12-18,480.92889404296875,486.5134594689822,474.8772903878124,475.17538699144035,28573500
2025-12-19,482.8566589355469,484.77448448182145,479.4482594182398,484.2875529363844,70836100
2025-12-22,481.8630065917969,485.64898536737695,479.6470539215635,483.0554234208069,16963000
2025-12-23,483.78082275390625,484.7546252629152,481.6841087754749,481.9226163967179,14683600
2025-12-24,484.94342041015625,486.0762481946253,481.77352833631136,482.61817584356095,5855900
2025-12-26,484.6354064941406,485.04282544173617,482.8964387136479,483.64171061957336,8842200
2025-12-29,484.02923583984375,485.27135560420123,481.1276307272214,481.80333660098637,10893400
2025-12-30,484.4068603515625,486.5929730105466,482.43933166580535,482.8666136001516,13944500
2025-12-31,480.5711669921875,485.06269150087525,480.25317705215497,484.7645645601486,15601600
