Date,Close,High,Low,Open,Volume
2021-01-04,342.43695068359375,348.6210426946345,338.7506384714175,348.4910332362678,110210800
2021-01-05,344.7953796386719,345.88178590422,341.74976397277425,341.79620806023695,66426200
2021-01-06,346.8568420410156,350.04176253855144,342.74340790904097,343.2912442716804,107997700
2021-01-07,352.0101623535156,352.75298437501374,349.0481120785787,349.2245372676321,68766800
2021-01-08,354.015869140625,354.22941562712896,350.1531317059406,353.3937336428552,71677200
2021-01-11,351.6295166015625,353.3844459686813,350.72882987062206,350.84954484541544,51034700
2021-01-12,351.7038269042969,352.71593423715626,349.46603738716954,351.815275742109,52547700
2021-01-13,352.65087890625,353.6443970420134,350.84950564563337,351.6294773146356,45303600
2021-01-14,351.41595458984375,353.8951738961369,351.08169311224,353.39375334288167,49989100
2021-01-15,348.8531188964844,350.59875344385847,346.9960355450777,349.8002212044383,107160000
2021-01-19,351.5923156738281,352.13088573862603,349.82809207789774,351.3044700083426,51233300
2021-01-20,356.45794677734375,357.2936287805517,353.4866015027723,353.87657321374,61836100
2021-01-21,356.7828674316406,357.4421524664681,355.86362018115483,357.01500286554875,47840100
2021-01-22,355.52001953125,356.6806965547213,354.5543283134063,354.93503377752586,52860500
2021-01-25,356.9221496582031,357.2749716933398,351.4158759647186,356.2535985157263,70402000
2021-01-26,356.3650817871094,358.2778757163541,356.1329463264064,357.869315038569,42665300
2021-01-27,347.65533447265625,353.14301984374345,345.4268398473695,353.05015999751345,123351100
2021-01-28,350.64532470703125,354.63804402595747,349.0296706731077,349.46605821559444,94198100
2021-01-29,343.6254577636719,349.75383907984985,341.9540655846165,348.78814770996314,126765100
2021-02-01,349.3453063964844,350.37597423640665,343.91333096928156,347.0146573120808,75817600
2021-02-02,354.2851257324219,355.83580306474755,349.42887007201125,352.52090191367535,64450700
2021-02-03,354.5635681152344,356.2813755124134,353.29147082759215,355.1114041854025,52427100
2021-02-04,358.5936584472656,358.64007421526856,354.67520984213,355.5944574086836,47142600
2021-02-05,360.0049743652344,360.710675281438,358.54718510912704,360.4599791681368,48669800
2021-02-08,362.60479736328125,362.65121310957915,360.59914406217075,361.45338648457397,38365200
2021-02-09,362.36346435546875,362.95774475328056,361.3606516052226,361.76918395765694,35551100
2021-02-10,362.20556640625,364.24836966450124,359.8099410732521,364.09979957873327,59154400
2021-02-11,362.7905578613281,363.7005390243798,360.3670773709089,363.2826838806573,42913300
2021-02-12,364.5826110839844,364.8240126465975,361.9176727161063,361.9919719175586,50593300
2021-02-16,364.2669372558594,366.0033342269587,363.55197027023985,365.8083200461877,50972400
2021-02-17,364.3504943847656,364.60119044464864,361.5091306885375,362.5212660866274,52290600
2021-02-18,362.7998352050781,363.54265727343494,360.0327705772848,361.7505784893111,59712800
2021-02-19,362.1590881347656,364.3411666164825,361.7133779544017,364.0533209802604,83241000
2021-02-22,359.3735046386719,361.77842431901905,359.1042196026477,359.4013597570989,67414200
2021-02-23,359.8099060058594,361.15630279532843,353.0315629822929,357.1728509983925,107284100
2021-02-24,363.77484130859375,364.2019909749651,357.7393191021612,358.7235712258007,72433900
2021-02-25,355.00933837890625,363.8769286831077,353.5701100677541,362.5119712403062,146670500
2021-02-26,353.18011474609375,358.0271036542426,351.20234468696304,356.8850154751008,152701600
2021-03-01,361.7413024902344,362.9855734404292,353.37516012939244,358.03642977075657,105348800
2021-03-02,358.9184875488281,362.1962383505726,358.41706713717036,361.96410294439573,79595300
2021-03-03,354.1644592285156,359.18784590388924,354.0623048857202,358.22218274333903,119940200
2021-03-04,349.7817077636719,356.5600515760826,345.306129482108,353.9787065028338,183433000
2021-03-05,356.21649169921875,357.2657484566025,346.01182648724296,353.27300175449477,152039600
2021-03-08,354.4430236816406,359.97712560372787,354.1644724397162,357.17293919990277,123149200
2021-03-09,359.5035400390625,362.04773549523804,357.7764375613555,358.2778580660894,113633600
2021-03-10,361.7413024902344,363.431255369481,360.4320834867978,361.84345682354007,109899400
2021-03-11,365.4090881347656,367.37759240388004,363.7469902205475,364.2019950148293,86245000
2021-03-12,365.90118408203125,366.0404596864284,363.2455681020347,364.05339494438545,64653600
2021-03-15,368.0832824707031,368.34327305827475,364.01626458616573,366.15189953144346,73427200
2021-03-16,367.6190185546875,369.40180309295295,366.8483129268186,368.6961305342788,73722500
2021-03-17,368.8725280761719,369.6710604301495,365.1954821103504,366.33759873657715,97959300
2021-03-18,363.5055236816406,368.37107323916246,362.8276780230335,366.291148848804,115349100
2021-03-19,362.8329162597656,364.7799210991891,360.662312193328,363.20554373191754,113624500
2021-03-22,365.73016357421875,367.10891663764517,363.28942068287944,363.3453133880508,73778600
2021-03-23,362.8516540527344,366.5407155405644,362.06912758135604,365.0967729617704,90686600
2021-03-24,361.007080078125,365.8792700256846,360.96051229403434,364.24899956726335,97588600
2021-03-25,363.0379333496094,363.8297562145069,357.6347344917859,359.57244319585334,116128600
2021-03-26,368.88824462890625,369.28881849367565,363.5875351124933,364.18373344592686,114409100
2021-03-29,368.70196533203125,369.60560209374427,365.9351623341809,367.4163760803508,108107600
2021-03-30,367.72381591796875,368.3945569028789,366.1307883102693,367.4350274245717,76262200
2021-03-31,369.21429443359375,370.7700506223906,368.2640899656706,368.29203631973724,112734200
2021-04-01,373.201416015625,373.2573371455199,370.93767636691575,371.1426257443496,99682900
2021-04-05,378.5580749511719,379.09840904135075,375.7819756542243,375.8564897892532,91684800
2021-04-06,378.3345031738281,379.3778716395841,377.66376224160524,377.9991469225459,62021000
2021-04-07,378.7723388671875,379.1170200378233,377.7103490017058,378.16681558663885,55836300
2021-04-08,380.5701904296875,380.6260831226117,379.0889772078951,380.02055999616584,57863100
2021-04-09,383.3370666503906,383.5047731912766,380.328071856803,380.4491821914655,61104600
2021-04-12,383.47686767578125,383.74700629608895,382.1353857837753,382.74090909191403,56704900
2021-04-13,384.6133728027344,385.2375459689583,382.992427357714,383.3743798281407,56551000
2021-04-14,383.2998352050781,385.63808919365846,382.7595011466084,384.58539585907903,61659900
2021-04-15,387.41741943359375,387.6875864651336,385.3865753074208,385.43314308577106,60229800
2021-04-16,388.7123107910156,389.31783402254797,387.28699001478793,388.70298586402646,82037300
2021-04-19,386.80255126953125,388.2278720552796,385.4797193923822,387.78073043129933,78498500
2021-04-20,383.97052001953125,386.69072605086455,382.498603179726,385.5914650988826,81851800
2021-04-21,387.60369873046875,387.80864810285476,383.21592286206607,383.3556830388797,66793000
2021-04-22,384.0636901855469,388.2651383615414,383.0017004125384,387.43604432459205,97582800
2021-04-23,388.2279357910156,389.6346353832558,384.5481995678462,384.6227137075241,73209200
2021-04-26,389.03839111328125,389.60667156779255,388.2931360312582,388.8800379124394,52182400
2021-04-27,388.9544677734375,389.5320730309627,387.81793554032805,389.3364201598553,51303100
2021-04-28,388.8427429199219,390.342606350338,388.3769514146441,389.2246953658085,51238900
2021-04-29,391.3206787109375,391.93552678623496,387.94835343735446,391.56289934262634,78544300
2021-04-30,388.74957275390625,389.90475500080083,387.8552610382918,389.057011063111,85527000
2021-05-03,389.5880126953125,391.1157939955126,389.0942748542552,390.7338415630485,68128300
2021-05-04,387.1845703125,388.0975320013042,383.504834060297,387.6037940867692,101591200
2021-05-05,387.3056335449219,389.0570141395226,386.7466780571217,388.8241183887439,60162200
2021-05-06,390.3985290527344,390.5289359008101,385.3772825937991,387.3801805344539,74321400
2021-05-07,393.23980712890625,393.8919265936675,390.4823294392389,391.16239525650957,67733800
2021-05-10,389.3457946777344,393.81738162988034,389.2246843410474,393.59381081117,81852400
2021-05-11,385.8709716796875,386.8584473474661,382.0049080638009,384.8369282355566,116888000
2021-05-12,377.6730651855469,384.3618242624742,376.3595297518344,383.09488503627756,134811000
2021-05-13,382.2098693847656,384.1382530041698,379.1728997288725,379.21949593633536,106394000
2021-05-14,388.07879638671875,388.92654024691893,384.91142017662577,384.93936652675745,82201600
2021-05-17,387.0913391113281,387.9018401628468,385.07911651757036,386.97025720812496,65129200
2021-05-18,383.75628662109375,387.59440386559174,383.597905008926,387.3521831986254,59810200
2021-05-19,382.7501220703125,382.92712508894346,377.5984699667049,379.0797117393857,106467100
2021-05-20,386.8678283691406,388.12547123922195,383.5048270266521,383.6259089486558,78022200
2021-05-21,386.55108642578125,389.5880563714277,386.09461981296676,388.34903495141754,76578700
2021-05-24,390.49163818359375,391.56295289159766,388.544604797389,388.7868254622032,51376700
2021-05-25,389.6252746582031,391.9262858634761,389.0476977323679,391.57227976579446,57451400
2021-05-26,390.3985290527344,390.9015634477315,389.17815748951244,390.2122010644439,43088600
2021-05-27,390.60345458984375,391.9356114927395,390.3239626244938,391.4232522007512,56707700
2021-05-28,391.30206298828125,392.42927026125136,391.06916727892735,392.1684282039611,58520200
2021-06-01,390.95745849609375,393.7987753351119,390.5196133395258,393.65904356804924,54216600
2021-06-02,391.572265625,392.4107130596126,390.6034397848831,391.60953690489885,49097100
2021-06-03,390.1190185546875,391.2555509981351,387.7993858877597,389.26197808041053,58138800
2021-06-04,393.68695068359375,393.98506404338684,390.18418978016194,391.963516582505,55938800
2021-06-07,393.3050231933594,393.85465374362394,392.3734402072181,393.6776507018846,51555000
2021-06-08,393.3888854980469,394.2552509032389,391.5629906976117,394.1620869131879,47134300
2021-06-09,392.80194091796875,394.30180423460956,392.5783701098852,394.2272616788116,48436300
2021-06-10,394.6278076171875,395.57804034366546,392.7087491710795,394.0222844350054,51020100
2021-06-11,395.2799987792969,395.3917841957337,393.8919491424424,395.17753829078254,45570800
2021-06-14,396.16497802734375,396.26743850654356,394.1527554254345,395.39174825118516,42358500
2021-06-15,395.43841552734375,396.35134879576736,394.56272511460134,396.31410594008616,51508500
2021-06-16,393.23040771484375,395.8015853772953,391.1902675087935,395.5780145995695,80386100
2021-06-17,393.10003662109375,394.07818729216916,390.63134762723126,392.8205731235447,90949700
2021-06-18,387.7969970703125,390.5167474088944,387.5913771677302,389.82512979232945,118676300
2021-06-21,393.3486633300781,393.53560087943845,388.7409408172673,389.5540649639203,72822000
2021-06-22,395.4515380859375,396.28337300789326,392.6196085187923,393.339292332768,57700300
2021-06-23,394.9749755859375,396.33017311106846,394.8908622379778,395.52640432656335,49445400
2021-06-24,397.3114929199219,397.73205959660106,396.8628599421337,397.11522847080494,45110300
2021-06-25,398.7227478027344,399.1713807602741,397.7320416454971,398.05916806103676,58129500
2021-06-28,399.526611328125,399.69483801915226,398.04990728021846,399.2462335097463,53159600
2021-06-29,399.74151611328125,400.5452847325405,399.2087698297282,399.9097427746152,35970500
2021-06-30,400.0780334472656,400.7509687229313,399.2555538300446,399.2835916114196,64827900
2021-07-01,402.2931213378906,402.4520211210759,400.7696685970019,400.83509959729395,53441000
2021-07-02,405.3680419921875,405.72320623377107,402.3772122424309,403.45206040174946,57697700
2021-07-06,404.6296691894531,405.63908633581775,401.90056347036705,405.42411100289456,68710400
2021-07-07,406.05963134765625,406.34003766118167,403.30248799530796,405.31193822358387,63549500
2021-07-08,402.7510681152344,403.5081166897468,399.57330096190816,400.75094475455643,97595200
2021-07-09,407.0503845214844,407.349473214676,402.55481277928465,404.25584763381096,76238600
2021-07-12,408.5083312988281,408.7606998160739,406.5362744179092,406.9661965088275,52889600
2021-07-13,407.1158447265625,409.21876411942253,406.85414923191337,407.7233490688548,52911300
2021-07-14,407.7232971191406,409.29349840963926,406.4802508086064,408.8074721795963,64130400
2021-07-15,406.3307189941406,407.05972983900836,404.43341971053184,406.38679455738685,55126400
2021-07-16,403.1435546875,407.55501220685557,402.75102581295585,407.50829208648764,75874700
2021-07-19,397.1900939941406,403.209119261047,394.3862012992217,398.3303448309812,147987000
2021-07-20,402.8819885253906,404.1531013655724,397.05922782172377,397.85366978150347,99608200
2021-07-21,406.1437683105469,406.28398573679834,402.83519609526724,404.07824240394586,64724400
2021-07-22,406.9943542480469,407.2373674036416,405.34006786173984,406.32141887481384,47878500
2021-07-23,411.1815185546875,411.51797198627247,408.2374369376335,408.9196992370157,63766600
2021-07-26,412.19085693359375,412.20021236866125,410.5459261537889,410.5926462837905,43719200
2021-07-27,410.31219482421875,411.18139444947093,407.489592116502,411.1533566719681,67397100
2021-07-28,410.1439208984375,411.5178289786352,408.7232926987571,410.93836258827423,52472400
2021-07-29,411.8450622558594,412.9198819868287,411.05997579525564,411.0693312306445,47435300
2021-07-30,409.8449401855469,411.29360644207577,409.1532940336554,409.28415602981516,68951200
2021-08-02,408.98504638671875,412.1067095157106,408.62988215553224,411.55528082300833,58783300
2021-08-03,412.3122863769531,412.43379291943126,407.5924132229183,409.77944541953616,58053900
2021-08-04,410.2842102050781,412.2843051456388,410.0505525213927,411.0319033838049,46732200
2021-08-05,412.88250732421875,412.96662067268136,411.1253968736616,411.4431679198543,38969700
2021-08-06,413.5647277832031,413.9853230057107,412.9198303207797,413.20023664333985,46930000
2021-08-09,413.2283935546875,413.8545803292005,412.461989317138,413.5368092234863,41222600
2021-08-10,413.74237060546875,414.4526991663154,412.9946773475972,413.6769396016709,43339300
2021-08-11,414.7704162597656,414.8638850355054,413.6862412110491,414.80780947459465,44034300
2021-08-12,416.0135192871094,416.1537367311729,413.72369084389135,414.62092846348145,38909400
2021-08-13,416.77056884765625,416.7892511950456,415.9761269822574,416.46212471839107,39470300
2021-08-16,417.751953125,417.8827866125121,413.91996092666375,415.471451563948,73740000
2021-08-17,415.0133972167969,415.8732414325838,412.0319231944984,415.2003062311289,92673900
2021-08-18,410.4711608886719,415.5649103189403,410.22817626839674,414.00406428357036,89351900
2021-08-19,411.1066589355469,412.3030136509168,407.61114913490746,407.7513380397817,92812200
2021-08-20,414.3779296875,414.7050561972092,410.9665327094938,411.452559017406,72008700
2021-08-23,418.0229187011719,418.92951158354134,414.4526227295589,416.0601886079049,54973000
2021-08-24,418.68646240234375,419.2192086788137,418.17242699199244,418.68646240234375,38744700
2021-08-25,419.5650939941406,420.0791294982954,418.49960124676494,418.87347636542324,40529700
2021-08-26,417.0882873535156,419.5183042507706,416.9948185830064,419.2846465858296,57829600
2021-08-27,420.8175048828125,421.19135148689224,417.83603043980827,417.8921060042868,77235100
2021-08-30,422.66802978515625,423.45311610967644,421.2473729404078,421.49038603704406,48357400
2021-08-31,422.0419006347656,422.91110047218524,421.4437517278113,422.57464706002395,59300200
2021-09-01,422.26617431640625,423.49053835442544,422.03251662178167,422.97650283531857,48721400
2021-09-02,423.56536865234375,424.3691375142071,422.36904227288545,423.6868752297582,42501000
2021-09-03,423.46246337890625,423.9765273755303,422.0324795543075,422.43439243098885,47170500
2021-09-07,421.9483642578125,423.21012139664674,421.27542901861193,423.1166526229062,51671500
2021-09-08,421.4343566894531,422.14468518971387,419.5183465302411,421.4156743425341,56181900
2021-09-09,419.6304626464844,422.98578312246457,419.387449559995,421.2380284408069,57970400
2021-09-10,416.3218994140625,421.9764037145198,416.2003928599835,421.5558370150139,89948200
2021-09-13,417.38739013671875,419.57445120398825,415.07885103030503,419.31275573342043,83738600
2021-09-14,415.1348876953125,419.03228133911085,414.24697721294655,418.82666146543994,78197100
2021-09-15,418.6024169921875,419.0977701394543,414.4526542585058,415.5555116773011,78792200
2021-09-16,417.9388732910156,419.05105771787464,414.99476341128366,418.0790622084627,77786700
2021-09-17,413.8676452636719,417.5900174422534,413.5113432060983,417.16810338516024,118425000
2021-09-20,406.96673583984375,409.32954038102963,402.10981691745377,407.7543373535724,166445500
2021-09-21,406.58233642578125,410.59537031179264,406.05726871090457,409.30144322368784,92526100
2021-09-22,410.5484313964844,412.58309005146594,406.69480673198865,408.8513325900805,102350100
2021-09-23,415.5366516113281,417.14001100580157,412.17996661282217,412.4143728690153,76396000
2021-09-24,416.22113037109375,416.9337345501658,413.6895313452658,413.9051954031547,62094800
2021-09-27,415.03033447265625,416.3523605127942,414.33647253059087,415.18971469523467,61371100
2021-09-28,406.66668701171875,412.5924834545763,405.9353407086728,412.2643090052773,130436300
2021-09-29,407.3511657714844,409.77961092728947,406.78858508585967,408.0449990691309,82329200
2021-09-30,402.3724060058594,409.5264607159928,402.03484612674845,408.82324196639286,140506000
2021-10-01,407.1543273925781,408.8326843876151,400.58159468725086,404.0976889255961,129240100
2021-10-04,401.903564453125,406.8917073430287,399.7657521393978,405.9915954205408,128570000
2021-10-05,406.08538818359375,408.3262970264828,402.6068074886927,403.4037658375677,90682500
2021-10-06,407.7730712890625,407.97934991567206,400.8721656243834,402.4942384202276,113032200
2021-10-07,411.2986755371094,414.1302933529352,410.867375955081,411.0455270330156,72437500
2021-10-08,410.5484313964844,412.4518374427157,409.9202387275282,412.0674077940218,74557400
2021-10-11,407.57623291015625,412.79881127574237,407.5105922896659,409.89216791478833,65233300
2021-10-12,406.5729675292969,408.89828794249456,405.785365924999,408.49511604042164,71181200
2021-10-13,408.0356140136719,408.8513431322092,404.6226741156243,407.594929147859,72974000
2021-10-14,414.8990783691406,415.04910180856405,411.2235756383798,411.6923881563111,70236800
2021-10-15,418.058837890625,418.42452536112467,416.3898666001841,417.00870250976914,66260200
2021-10-18,419.2965087890625,419.6340400404351,415.621006350095,416.27735526871015,62213200
2021-10-19,422.5313415527344,422.59695355572194,420.3091462784129,420.91862541650084,46996800
2021-10-20,424.1909484863281,424.49099536699856,422.8782791509517,422.99078957769177,49571600
2021-10-21,425.29730224609375,425.5223230800388,423.15951848148666,423.59081795122904,41305400
2021-10-22,424.8566589355469,426.3099949344086,422.9157682107572,424.8660443425605,58845100
2021-10-25,427.1350402832031,427.4632147429343,424.17217058163135,425.9442668817109,45214500
2021-10-26,427.5195007324219,429.89169091412384,427.1444564431734,428.68217522735085,56075100
2021-10-27,425.62548828125,428.6446418796485,425.55046225853243,427.9789361517596,72438000
2021-10-28,429.7323303222656,429.80732773792477,427.0413509410185,427.05070773419686,51437900
2021-10-29,430.604248046875,430.8949094853391,427.1444097745334,427.4350712129975,70162400
2021-11-01,431.3449401855469,431.96377601475064,429.6197139105118,431.5887031868409,48433600
2021-11-02,433.08892822265625,433.3983604582575,431.3824440663046,431.5137252848119,48908400
2021-11-03,435.7330322265625,436.1362040546767,432.085657735004,432.5263425699782,52509800
2021-11-04,437.78643798828125,437.87082079414984,435.98618562096254,436.33310224976924,52847100
2021-11-05,439.3054504394531,441.2932109079652,437.7958878886841,440.0086692059953,66390600
2021-11-08,439.6804504394531,440.8993800137787,438.99600255528054,440.4024399467041,50405200
2021-11-09,438.2271728515625,440.2805738708811,436.8207353651275,440.0461676231419,51149100
2021-11-10,434.7016906738281,438.2271697715408,433.220255788708,436.53942763125457,69429700
2021-11-11,434.8423156738281,436.2675239203641,434.8235734757579,436.1924978999976,34848500
2021-11-12,438.1240539550781,438.67724930991125,435.16115531508916,436.1081657875227,53466700
2021-11-15,438.2740783691406,439.56800554034606,437.14894545673525,439.40862530276064,46980500
2021-11-16,440.0086364746094,441.14315465497026,437.9364933419403,438.0114907479462,48857500
2021-11-17,438.9397277832031,439.9242224676994,438.32089192487604,439.74607145027005,47858300
2021-11-18,440.4306335449219,440.6931674194312,437.2520708292828,439.97117780399594,50625600
2021-11-19,439.6429748535156,441.5650945480242,439.2772873896782,440.31803734544474,57315600
2021-11-22,438.4052734375,444.0028951339013,438.1989948186662,441.5181949166131,72762000
2021-11-23,438.9866943359375,439.83993660377723,435.47998564656854,438.0771968516729,73206500
2021-11-24,440.1586608886719,440.28055671099236,436.17375483241744,436.9894839645097,61858800
2021-11-26,430.34173583984375,434.96422009835896,429.21657442443677,433.50152742675596,112669600
2021-11-29,435.6205749511719,437.4583119148909,432.92959581507233,435.1236348523177,86268800
2021-11-30,427.1444396972656,435.08612453579684,426.90064804249147,433.1827469437874,148559600
2021-12-01,422.4000549316406,435.6862135337651,422.2031616971008,432.84521097923056,131939200
2021-12-02,428.8696594238281,430.43550572803196,422.22190176024696,422.6157168413784,127637800
2021-12-03,425.137939453125,431.5887754076615,420.91862695944747,430.5292831950463,137331600
2021-12-06,430.17291259765625,432.0481622961489,425.2691243350437,427.6788270649763,98977500
2021-12-07,439.0709533691406,439.63353398882253,430.04162169606445,435.44234986254867,95484700
2021-12-08,440.2336730957031,440.68374339000826,437.7114595944113,439.46484235390875,72238800
2021-12-09,437.261474609375,440.3368838174408,437.0645813487315,438.9491883572712,61272600
2021-12-10,441.3775329589844,441.52755637554407,437.4113979747184,439.9617388281514,77159800
2021-12-13,437.46771240234375,441.2088270752524,437.18640772794674,440.86191039613635,87724700
2021-12-14,434.4578857421875,436.6894377150197,431.5418858646757,434.2047373052017,97264100
2021-12-15,441.246337890625,441.49010093703475,432.00134036114184,434.5141971486355,116899300
2021-12-16,437.35516357421875,443.37469964954175,435.8080595359977,443.09342361388826,116568600
2021-12-17,432.7004699707031,437.2827414785998,430.9974086651927,434.28120719660683,135511600
2021-12-20,428.099365234375,428.4945351603184,424.4862394814665,427.62890570329984,107134800
2021-12-21,435.70196533203125,435.8430974441347,429.3507618562461,431.5148641473523,69806300
2021-12-22,440.0584716796875,440.1713773813337,435.2503599777173,435.44797367017134,58890200
2021-12-23,442.7965087890625,444.2925666264492,440.9523154989883,441.0558028110541,56439700
2021-12-27,449.06304931640625,449.11008378457836,444.12322414632985,444.17025861450196,56808600
2021-12-28,448.696044921875,450.5214301033936,447.9339028188725,449.49583182545905,47274600
2021-12-29,449.2701110839844,450.28629118812887,447.8022794254561,448.79965148280036,54503000
2021-12-30,448.0279846191406,450.7001910745442,447.5669435079559,449.6934008752194,55329000
2021-12-31,446.8988952636719,448.68663568101795,446.6260494189647,447.53874202831184,65237400
2022-01-03,449.4864196777344,449.6181621243115,445.8544860219246,448.15972040589463,72668200
2022-01-04,449.3359069824219,451.6223622300133,447.4822951975026,450.9072545217483,71178700
2022-01-05,440.7076416015625,449.7404696581306,440.61354395954817,448.9689091940095,104538900
2022-01-06,440.293701171875,443.0035528678846,437.9319849605687,440.2466667010779,86858900
2022-01-07,438.552978515625,441.47925183914367,437.1980527186537,440.3031029677847,85111600
2022-01-10,438.0072326660156,438.22362566846715,429.62364055153137,435.36325245373706,119362000
2022-01-11,441.99676513671875,442.0908627934465,434.751676287286,437.7438209696161,74303100
2022-01-12,443.1917419433594,445.24296757937765,441.2346426828555,443.7280727675989,67605400
2022-01-13,437.08514404296875,444.9418241930247,436.05954567988096,444.29258772329274,91173100
2022-01-14,437.2639465332031,437.6120820227763,432.7287093594842,433.9425030975037,95890900
2022-01-18,429.5201416015625,432.7851319574491,428.4098639787604,432.578128611285,109709100
2022-01-19,425.06024169921875,432.45585270815616,424.78736709556773,431.06331069209193,109357600
2022-01-20,420.3556213378906,431.6372325182061,418.2385532953383,426.9420552480534,122379700
2022-01-21,412.103759765625,421.58821170548157,412.0755333410702,419.2359139440063,202271200
2022-01-24,413.8538513183594,414.36195566976323,395.90112761933347,406.5052754832323,251783900
2022-01-25,408.8011169433594,413.7409421509055,401.9135823339121,407.47441758472695,167997300
2022-01-26,407.7755126953125,417.80571346524874,403.5225401054795,414.6818552495206,186391100
2022-01-27,405.76190185546875,415.5004192840026,404.0776775137982,412.36717163695266,149878300
2022-01-28,415.8392333984375,415.88626787051186,402.54404110046244,407.1168944257264,164457400
2022-01-31,423.3289794921875,423.67711501729514,413.82568940780607,415.1711970319807,152251400
2022-02-01,426.1893310546875,426.82914917104256,420.5343978995624,424.0534262540882,123155400
2022-02-02,430.329345703125,431.05384305532795,426.2833764423959,428.5886396673794,117361000
2022-02-03,420.2145080566406,426.208158589354,419.37707621036856,424.30751219871513,118024400
2022-02-04,422.1903991699219,426.0293363499769,417.6080991681987,419.97923360740066,118454400
2022-02-07,420.83551025390625,424.3451203230606,419.5088108002381,422.95257835164983,84472900
2022-02-08,424.298095703125,425.2202068332441,418.9160368655322,420.3368340105605,81012000
2022-02-09,430.5081481933594,430.8280572528607,428.1276239352286,428.3252089130967,92589900
2022-02-10,422.77374267578125,430.6680383540824,420.778998939607,424.67438876665915,140103700
2022-02-11,414.4371643066406,424.9284051506269,413.00697779975184,422.85840063128,153214600
2022-02-14,413.0822448730469,415.5098319487012,409.6196698794952,413.92909493615394,123006300
2022-02-15,419.7439880371094,419.91334657222757,416.99649181538837,417.51401451434305,88482700
2022-02-16,420.2145080566406,421.5882420080019,415.8298212683436,417.7022412323989,84863600
2022-02-17,411.2380676269531,420.18621676202645,410.63589438127366,417.03413227878895,102259100
2022-02-18,408.5752868652344,412.74355133918664,406.30766852315804,411.49211293034836,132642900
2022-02-22,404.19061279296875,409.7702560003978,400.6997823601273,406.37355193227506,124391800
2022-02-23,397.02081298828125,407.66260537056274,396.4562558034865,407.098048185768,132578000
2022-02-24,402.99566650390625,403.42850999389174,386.3790593344902,386.73658449661104,213942900
2022-02-25,411.88726806640625,411.9719473256861,402.5815659197891,404.22817407311,121804500
2022-02-28,410.83349609375,412.3107459178309,405.25385292778066,406.5052626502716,145615000
2022-03-01,404.5763854980469,411.34159579885494,401.8759236906789,409.3374336179091,137785900
2022-03-02,412.01904296875,413.74091213892484,406.0724278778105,406.825151607102,117726500
2022-03-03,409.9678649902344,415.0488225356622,408.1707060110163,414.44664922565886,105501700
2022-03-04,406.6370544433594,407.7661402300269,402.60050312317946,406.2418557535522,113978200
2022-03-07,394.6496887207031,406.7593128666358,394.5838174926232,406.0536235461076,137896600
2022-03-08,391.6575927734375,401.97005852746355,390.59434954887394,394.82848568696517,164772700
2022-03-09,402.15826416015625,404.13420015154503,397.8394486342406,400.02238799071915,116990800
2022-03-10,400.3423156738281,401.23617169428314,395.6000748169369,397.5571741386675,93972700
2022-03-11,395.2518615722656,403.43783985789673,394.7437572588801,402.8262482347944,95636300
2022-03-14,392.36322021484375,399.4671471285895,391.2247162730047,396.02340888185535,95729200
2022-03-15,400.991455078125,401.6218547157255,393.6993329697204,394.96955062340055,106219100
2022-03-16,409.8831787109375,409.9396315604553,399.7024270341616,404.4917305799787,144954800
2022-03-17,415.0111999511719,415.0111999511719,407.5967527483876,407.9731146505722,102676900
2022-03-18,419.5566711425781,419.8775739934096,412.66663547827596,413.4028311487186,106345500
2022-03-21,419.4340515136719,421.3877829881189,415.9323761926658,419.3868421211315,88349800
2022-03-22,424.34197998046875,425.27637447242336,420.8214384644653,420.8214384644653,74650400
2022-03-23,418.8771667480469,423.3037890750717,418.79222440449075,421.8125310374547,79426100
2022-03-24,425.19146728515625,425.2009149244502,419.78326986493045,420.89699675804104,64736900
2022-03-25,427.26788330078125,427.54160557531713,423.24710673053914,425.8238060374059,77101300
2022-03-28,430.30706787109375,430.30706787109375,424.7855856636152,426.67326991890525,68529800
2022-03-29,435.6302795410156,436.12109583341436,431.5056944584846,434.1862023802521,86581500
2022-03-30,432.9404296875,435.30003519309184,430.83565120715195,434.4883159212036,79666900
2022-03-31,426.2768859863281,432.9970375414447,425.823831381212,432.17589947274035,121699900
2022-04-01,427.48504638671875,427.9947004651948,423.9173238184881,427.85312988784034,89048800
2022-04-04,431.14703369140625,431.25087129409127,426.86201155519603,427.68314952394616,59601000
2022-04-05,425.701171875,432.1192876988634,424.5591308094842,429.6558732347616,74214500
2022-04-06,421.44439697265625,423.71906006741074,418.5656898647818,421.7936427720497,106898000
2022-04-07,423.56805419921875,425.38024389891154,418.6223302828864,420.56664291276263,78097200
2022-04-08,422.4354248046875,425.32357938924946,420.89695753959705,422.8129558921499,79272700
2022-04-11,415.2151184082031,420.0098246314558,414.7148831400068,419.16979115637787,89770500
2022-04-12,413.676513671875,420.7175668489802,412.1285989831766,418.1974960631798,84363600
2022-04-13,418.4145812988281,419.1696433531076,413.251764572228,413.4310968507793,74070400
2022-04-14,413.2046813964844,419.7549485147844,413.1008437773758,418.64119283709516,97869500
2022-04-18,413.3745422363281,415.0545800894282,411.14705981320014,412.27968190004844,66002500
2022-04-19,420.0475769042969,420.764877451462,413.1008827364676,413.27076743418195,77821000
2022-04-20,419.73602294921875,422.4354264021452,418.57511557097627,421.82193478222695,65224400
2022-04-21,413.4595031738281,424.73842874926703,412.55342274585064,423.3509795921558,85417300
2022-04-22,402.1145324707031,413.4783716367902,401.5482213990768,412.37409241070765,132471800
2022-04-25,404.44580078125,404.6156854519276,395.31883470061024,399.87760832355883,119647700
2022-04-26,392.7327575683594,402.11455163658286,392.70444345361744,401.9163240296101,103996300
2022-04-27,393.8370056152344,399.169736833569,391.70394193167726,393.80869150273776,122030000
2022-04-28,403.7850646972656,405.5123117771295,394.1484454415817,398.5750669559005,105449100
2022-04-29,388.8630065917969,401.95409397695,388.11736315002133,399.8021348013602,145491100
2022-05-02,391.20367431640625,392.5628092111438,382.2749075321882,388.92901145512707,158312500
2022-05-03,392.9970397949219,395.4038260055901,390.14661777180356,391.7039805238848,100028200
2022-05-04,404.96490478515625,405.53121582781534,390.47692222902697,393.65766562044956,144247900
2022-05-05,390.5712890625,401.132884248546,386.4467037789483,400.7081437907731,172929100
2022-05-06,388.239990234375,391.50567570306237,382.9450500936246,388.0134773567565,151770800
2022-05-09,375.8096008300781,383.5868500864093,374.2333719366594,382.3504193081462,155586100
2022-05-10,376.677978515625,383.2754262479383,372.6477827083813,381.7747206128694,132497200
2022-05-11,370.6940612792969,381.3500488525497,369.94841780135306,375.71530920049423,142361000
2022-05-12,370.3069763183594,373.57266165703663,363.5207498600562,367.5037643543331,125090800
2022-05-13,379.1602783203125,380.53827982576547,373.3933876739787,374.43161982347493,104174400
2022-05-16,377.6218566894531,381.2839693671578,375.27169861489534,377.51804786382434,78622400
2022-05-17,385.3896484375,385.62560898408395,379.9719747013643,383.70016285890136,83029700
2022-05-18,369.8539123535156,381.12338813962504,368.61748163761905,380.8402470610884,117674500
2022-05-19,367.5887451171875,372.0059481432004,365.3707103676318,366.7959211904098,98510700
2022-05-20,367.7492370605469,374.7336635050742,359.1697150107811,371.1659411793916,131432200
2022-05-23,374.6298522949219,375.3943621595535,368.45711634736125,370.7695124155736,76414900
2022-05-24,371.76995849609375,372.9591798912348,365.2291112058376,370.5146324408455,91448800
2022-05-25,375.05462646484375,377.01783466440037,369.8823888701669,370.27878652330077,91472900
2022-05-26,382.54864501953125,384.18150224653084,376.07390194163645,376.28154835892093,82168300
2022-05-27,391.9399108886719,392.0531673410909,384.80446634850006,385.0026651402334,84768700
2022-05-31,389.7407531738281,393.0725149914447,387.00361655148845,390.3259307298854,95937000
2022-06-01,386.58831787109375,392.8648626531449,384.07769419751776,391.8549734040455,86585800
2022-06-02,393.9502868652344,393.9974674509903,384.1815149003103,386.4278638148007,79609600
2022-06-03,387.4849548339844,390.7884022780611,386.51279859544996,389.240487364167,71874300
2022-06-06,388.6647644042969,393.21406164588547,387.4943805595861,391.48684319664267,57508900
2022-06-07,392.39288330078125,392.84593785258215,384.7194428520581,385.18194504153405,59272400
2022-06-08,388.12677001953125,392.4684496696644,387.333946070098,390.6845741806073,64350000
2022-06-09,378.89599609375,388.6175587452947,378.89599609375,386.3523433395128,86289800
2022-06-10,367.9096374511719,373.55382355387263,367.862456867888,372.70437142833873,132893900
2022-06-13,353.9407653808594,360.3683273758739,352.3362223896235,358.5184050405398,170004900
2022-06-14,352.8742980957031,356.7157429736958,349.77849666174114,355.68695837561785,104011800
2022-06-15,357.9049072265625,362.3409474596305,351.2224895627162,356.1682125540914,125666800
2022-06-16,346.0596923828125,350.1087829653544,343.63401132773026,349.70293778443306,134473300
2022-06-17,346.8057556152344,350.14245020385545,343.30795986691686,346.474006989018,111113900
2022-06-21,355.5360107421875,356.919964477543,352.44578533248426,352.5216350574921,76811900
2022-06-22,354.8914794921875,358.99595685720385,350.90071887328156,351.3178056312109,90059400
2022-06-23,358.370361328125,359.1002487608876,353.46963484148904,357.0243321478926,79292100
2022-06-24,369.76434326171875,369.7738317116263,361.5079743602973,361.53641078181903,98050300
2022-06-27,368.35198974609375,370.97771602411575,367.2618882407592,370.6838633295004,66009600
2022-06-28,360.82550048828125,372.68398100101825,360.71175479299797,369.90658420443964,86548900
2022-06-29,360.5316467285156,362.3611241546952,358.71165775298255,361.3753088463661,65676000
2022-06-30,357.60260009765625,360.83500878132185,353.1568557172421,356.64519222936855,112508300
2022-07-01,361.384765625,361.8208293565842,354.33224330989844,356.94850998659183,74839700
2022-07-05,362.0672302246094,362.0862071237408,353.4790840960441,356.30389388763615,81438000
2022-07-06,363.2900390625,365.7735827766986,359.83013971421116,362.2093972721212,70426200
2022-07-07,368.73114013671875,369.52738892243804,363.3090402764563,365.0626968664323,64525900
2022-07-08,368.4278564453125,370.2952588737565,365.57460971282467,367.100746104859,72397800
2022-07-11,364.2189636230469,366.7214549866304,363.52697227080625,365.7545879256405,58366900
2022-07-12,360.9960632324219,366.04848886653093,359.2518953418649,363.6692023712076,62219200
2022-07-13,359.1002502441406,362.02934629353234,355.14744302288534,355.56452982281553,84224600
2022-07-14,358.22821044921875,359.30882348190096,351.71600904471353,354.1521398256336,89704800
2022-07-15,365.07220458984375,365.1859502897795,360.72125799807424,362.6265563284071,79060400
2022-07-18,362.0578308105469,368.82596036630525,360.83500666975766,368.1529456840062,63203600
2022-07-19,371.84027099609375,372.4090283274704,365.31861090466685,365.97264856832055,78506000
2022-07-20,374.2100830078125,375.62250240338216,370.6648741646818,372.02988023942527,71843800
2022-07-21,378.02081298828125,378.06819739042936,371.2337061216237,373.63194122008764,64903900
2022-07-22,374.513427734375,379.33833343517273,372.29530007355766,378.1439748043947,72197300
2022-07-25,374.9684753417969,375.8215969964553,372.73137056679104,375.1390938870878,53631500
2022-07-26,370.5322265625,373.537114847819,369.64118001606494,373.3285714235852,52946400
2022-07-27,380.1535949707031,381.89776315262577,373.52761885571124,373.82147154826214,82342100
2022-07-28,384.921630859375,385.6135934950256,377.4140966164,380.9593347805678,73966600
2022-07-29,390.53326416015625,391.51910833460266,385.585124244229,386.352936564959,87003700
2022-08-01,389.3768310546875,391.8793520889404,387.1302667656035,387.84120629648845,69997500
2022-08-02,386.8079528808594,391.4906766053588,385.63254218875403,387.8127450392465,63435400
2022-08-03,392.8651428222656,394.0310649800449,388.6468906090099,388.93125481134643,67820600
2022-08-04,392.5997619628906,393.4718315474268,390.95985110646615,392.78932847212786,45656600
2022-08-05,391.9361572265625,392.5807353471059,388.26771450946586,388.3245873478551,56814900
2022-08-08,391.48114013671875,395.8700106498597,390.3815503961838,393.6234467801919,53886100
2022-08-09,389.92657470703125,391.25365582181684,388.85542136603334,390.7512597952123,44931800
2022-08-10,398.1166076660156,398.258818700046,395.01692204612334,396.96963344138766,68665700
2022-08-11,398.1166076660156,402.8183081055924,397.3772317875,400.96036549541424,59489700
2022-08-12,404.85638427734375,404.9606415265143,399.1025065374671,400.05042594390983,61694500
2022-08-15,406.5246887207031,407.0460617331619,402.5908291054767,402.6477019536426,54048300
2022-08-16,407.3208923339844,409.2451671553258,404.6477532437864,405.45349035046,59289000
2022-08-17,404.42974853515625,407.1313242254354,402.42965277199465,403.7282975362389,63563400
2022-08-18,405.60516357421875,406.2876376325339,403.3396227828059,404.62877901944364,49023200
2022-08-19,400.15472412109375,403.11222812937183,399.28262551260394,402.84681184473675,68016900
2022-08-22,391.82244873046875,395.5003802457015,390.9219138235221,395.3297327861423,77695600
2022-08-23,390.87445068359375,393.78456929323767,390.3246414001598,391.3957946226681,49105200
2022-08-24,392.1257629394531,393.49074002484474,389.9645082393007,390.64698231789686,49177800
2022-08-25,397.66162109375,397.70900548583626,392.5238859364247,393.6139873082117,50942300
2022-08-26,384.2012023925781,398.0882155528186,384.1443295439162,397.5479234905298,103087000
2022-08-29,381.6607666015625,384.70357956798847,380.30524889484775,381.2531682301508,65370800
2022-08-30,377.47088623046875,383.0541440516301,375.37599295553645,382.81716425809753,85652400
2022-08-31,374.5987854003906,380.343174709191,374.4660917256927,379.10140259668094,76029700
2022-09-01,375.77410888671875,376.1153458831206,369.7263802950117,372.4279555626427,78740100
2022-09-02,371.81182861328125,380.6464427581479,370.00129941700374,379.43310730382876,99632100
2022-09-06,370.40887451171875,373.593868782741,368.1907473026436,372.65543813649253,76637400
2022-09-07,377.0633239746094,377.8311362647998,369.8781086762223,370.0961115930664,70964200
2022-09-08,379.5279541015625,379.9829368756566,373.59396971166063,374.79784580059123,80821700
2022-09-09,385.4239807128906,386.28659071940456,381.4995810521483,381.7649972904449,76706900
2022-09-12,389.56640625,390.2868341942052,387.1871194866291,387.49046061347366,69256300
2022-09-13,372.62701416015625,382.1062054187296,371.5084765344116,380.9023296148453,122947100
2022-09-14,374.0489501953125,375.5656268148488,370.7501807174359,373.9257160615463,85023700
2022-09-15,369.8022766113281,375.33812191068284,368.53206820723454,372.49436398050875,87633800
2022-09-16,366.9811096191406,367.6378630769438,363.69734233012485,365.6295510878898,103084800
2022-09-19,369.8269348144531,369.8269348144531,363.76389056536226,363.84005187278575,73278500
2022-09-20,365.5819396972656,367.5141193905518,362.83121456949,366.5051996914192,77274900
2022-09-21,359.204833984375,370.5504322147043,359.1953065563563,367.50461804644806,106746600
2022-09-22,356.1875305175781,360.07091552367,355.44511739669144,358.4337956869669,89472600
2022-09-23,350.2197265625,352.76105188849385,345.7842729569001,352.7229712221048,122346900
2022-09-26,346.7550964355469,352.3707890222306,345.5367765894628,348.75391014864755,92581200
2022-09-27,345.869873046875,352.5515910179344,343.4808127042095,350.2862710344236,108294100
2022-09-28,352.6753845214844,354.36008362291216,345.1275119459914,346.82173847556913,110802200
2022-09-29,345.3083190917969,349.42013004160674,342.3672197883283,349.13459770031216,112952300
2022-09-30,339.96856689453125,348.2779050009619,339.83532817642805,344.36593839141597,153711200
2022-10-03,348.9442138671875,350.7907337489844,341.90080218718504,343.6806881754969,89756500
2022-10-04,359.7568359375,359.78538917158465,348.9061712798272,354.45522944852485,103602800
2022-10-05,358.9192199707031,361.17501250579096,353.07510228982494,355.397528717206,88065700
2022-10-06,355.2167053222656,360.47070383972516,354.72174385776447,357.5200770483229,82333500
2022-10-07,345.3083190917969,355.30235769557754,343.547458861724,351.19051769873397,107789500
2022-10-10,342.67181396484375,346.6599140174196,340.4350759464563,346.4219606923115,76042800
2022-10-11,340.50164794921875,345.5367479558779,338.56946829764377,340.9775545535183,92482800
2022-10-12,339.3784484863281,342.4813682302242,339.1309678057882,340.91088255478394,76991800
2022-10-13,348.33514404296875,349.8009447821918,331.3357419618266,332.38274248984305,147254500
2022-10-14,340.3969421386719,352.4183468938871,339.7592145462475,350.7907254903841,123737000
2022-10-17,349.1441345214844,350.24824134925336,340.06382821256403,346.46954168027236,93168200
2022-10-18,353.2464599609375,357.3583002169347,349.8103989866183,357.05371300233446,97162900
2022-10-19,350.74322509765625,353.9318056806791,347.935364051329,351.20960435158037,79746900
2022-10-20,347.80206298828125,354.7122360773966,347.0405950042413,350.2958089110657,88283100
2022-10-21,356.254150390625,356.7395553428867,346.0221590756883,347.5260110650035,131038400
2022-10-24,360.6133728027344,361.74603255296415,355.130920838397,357.776988761845,85436900
2022-10-25,366.3719177246094,366.68600327248134,360.4230857441992,360.53729867069814,78846300
2022-10-26,363.6116943359375,368.90377378445976,362.9739957124518,363.230974837986,104087300
2022-10-27,361.66998291015625,366.44807462100994,361.05128110498777,364.6110821532887,81971800
2022-10-28,370.2743225097656,370.7502290607999,361.3843916220893,361.5652384352448,100302000
2022-10-31,367.5997619628906,369.68423516133385,366.69555686556424,367.81868945232327,96631300
2022-11-01,365.99114990234375,371.57831700264165,364.8204384205559,371.340363735998,85407600
2022-11-02,356.8061828613281,369.9031408055681,356.70149735976,365.4010542504777,126990400
2022-11-03,353.1322021484375,356.16848838692556,351.0191758170607,353.5700280593983,87100100
2022-11-04,358.2149353027344,360.61349432188257,352.170915138916,358.8336081280306,103505200
2022-11-07,361.6414489746094,362.23156853069116,357.43442171013305,359.50936758378657,68286900
2022-11-08,363.5926208496094,366.5622732100706,359.5188617569453,362.745493209243,84641100
2022-11-09,356.101806640625,362.7740251463003,355.60684528454624,361.62231048852317,78495500
2022-11-10,375.6711120605469,376.00425245255667,367.0572151863192,369.3510591794325,141455800
2022-11-11,379.30706787109375,380.10658743180727,374.64316019638335,376.5277606911573,93839900
2022-11-14,376.08038330078125,380.89655521020984,375.8043493716394,377.5461835918774,71903500
2022-11-15,379.2879943847656,382.9239274120566,375.4807419701021,381.8198207261606,93194500
2022-11-16,376.39453125,378.61224316456577,375.76633106956126,377.6604299906343,68508500
2022-11-17,375.2428283691406,375.9186366580597,371.3404174691277,371.6449756187588,74496300
2022-11-18,376.94659423828125,378.6408206344442,374.1006819611119,378.5741867367159,92922500
2022-11-21,375.575927734375,376.7466683045898,373.73893542221714,375.62353581760493,51243200
2022-11-22,380.6300964355469,380.7919174617573,376.1089836932025,377.5176776993283,60429000
2022-11-23,383.0286865234375,383.51409151080327,380.06853232216565,380.29695819857307,68261600
2022-11-25,382.9429626464844,383.4950305265415,382.191051189936,382.4670560829331,30545400
2022-11-28,376.8323974609375,381.49627670237254,376.07092941217024,379.8591567063179,67881600
2022-11-29,376.18511962890625,378.1553507626501,374.34809818392904,376.96558433179973,52310000
2022-11-30,388.03521728515625,388.03521728515625,374.519486615748,376.4326114888511,144566700
2022-12-01,387.7496643066406,390.24341023181614,385.2463909544575,389.0726695441886,76398200
2022-12-02,387.3022766113281,388.20648163885994,382.7621385272809,382.8668240269508,85342700
2022-12-05,380.3349914550781,385.41766990087285,378.98343312541476,384.4849116571129,77289800
2022-12-06,374.8526306152344,380.7158042080798,372.76818614779955,380.1732926862465,77972200
2022-12-07,374.21484375,376.5753507067164,373.0821838315825,374.0054437050733,65927900
2022-12-08,377.14642333984375,378.212449392276,374.3195371968257,376.0994521400108,60737900
2022-12-09,374.3291015625,378.459967446831,374.20536119651905,375.90911499149865,81447700
2022-12-12,379.7259216308594,379.7259216308594,374.4528678993267,375.119119770537,75405800
2022-12-13,382.6003112792969,390.70974839855415,379.84005911089247,390.45276931962,123782500
2022-12-14,380.15423583984375,385.9603029263179,377.21313615399055,382.2577351529548,108111300
2022-12-15,370.8549499511719,376.2041350287874,369.19880442028864,375.2999009475401,117705900
2022-12-16,366.47662353515625,369.641590174743,364.3443519350762,368.3029384387337,119858000
2022-12-19,363.3689880371094,367.00250429400353,361.70523742151596,366.6678340994925,79878100
2022-12-20,363.8662109375,365.4821639806004,361.29407404311723,362.6136124267533,74427200
2022-12-21,369.30694580078125,370.4352358837999,365.92204637130624,366.4575070608886,78167400
2022-12-22,364.038330078125,369.28777027212345,358.34902428686854,366.2662256920997,100120900
2022-12-23,366.1324157714844,366.2758375341586,361.46623322301946,363.0152466207401,59857300
2022-12-27,364.68853759765625,366.3618594408892,363.0152157544233,366.01764723973866,51638200
2022-12-28,360.1562194824219,366.59134742365524,359.92674469166934,364.6215818081712,70911500
2022-12-29,366.63922119140625,367.50935219451696,362.47024348311885,362.99616222851824,66970900
2022-12-30,365.67340087890625,365.8168226274327,361.8486652893112,363.9618527124626,84022200
2023-01-03,364.1339416503906,369.4981190554035,361.2749320892196,367.52838265402187,74850700
2023-01-04,366.9451599121094,368.9722652057651,363.34989894273167,366.3905568832152,85934100
2023-01-05,362.75701904296875,365.1092230485303,362.16418974875853,364.99448566002695,76970500
2023-01-06,371.0758056640625,372.19455357778276,362.785708249104,365.84547897836046,104189600
2023-01-09,370.8655090332031,376.44964922378716,370.6838609207569,373.2655401902277,73978100
2023-01-10,373.4662780761719,373.53321794947027,369.3451279864,370.28219867133123,65358100
2023-01-11,378.1898193359375,378.26633038365287,374.2312334389066,375.0439955334967,68881100
2023-01-12,379.5667724609375,381.02973273660194,375.22571833967487,379.289500125456,90157700
2023-01-13,381.03924560546875,381.6129617235171,376.10533367891514,376.37306397661587,63903900
2023-01-17,380.3412780761719,382.6935115955875,379.6623956443495,381.0201896884126,62677300
2023-01-18,374.3363952636719,382.58826631918953,374.1356048315,381.5269162830095,99632300
2023-01-19,371.61126708984375,373.94432859689834,370.29172884426185,372.2996913775432,86958900
2023-01-20,378.5340881347656,378.68708106087394,371.36270886328373,373.00734634342695,91806400
2023-01-23,383.075927734375,385.0074085420892,378.38106168560785,379.337245503758,84178800
2023-01-24,382.66485595703125,383.57321326654665,380.2170272035857,381.40268604904264,59524900
2023-01-25,382.8082275390625,383.1428977378186,376.31573073269413,378.6010242444025,84800300
2023-01-26,387.0154724121094,387.1780365308271,382.5022827834098,385.466459007332,72287400
2023-01-27,387.9046936035156,390.2760402786123,385.7628509166012,385.97321255052447,68346200
2023-01-30,383.0377502441406,387.37883383343035,382.7413355345612,385.1509087422322,74202000
2023-01-31,388.6696472167969,388.7174447402499,383.20981606709955,383.5540574493801,86811800
2023-02-01,392.8003234863281,395.5445957142965,384.7205872650518,387.4552591361378,101459200
2023-02-02,398.518310546875,399.98127069479483,394.78919930515946,396.6824246845757,101654500
2023-02-03,394.28240966796875,398.69997431086017,393.07760869975664,393.55570061661354,94736800
2023-02-06,391.8728332519531,393.26888274999055,390.21865378736663,391.8346069060138,60295300
2023-02-07,396.99798583984375,398.241013206568,389.7118693730586,390.9548967397829,90990700
2023-02-08,392.6568908691406,396.36688886374986,391.96843733219856,395.0282373142556,76227500
2023-02-09,389.2529296875,396.4051963035193,388.0290153704697,396.2522033663381,78694900
2023-02-10,390.1612854003906,390.54375312300726,387.26404936045475,388.07678232835883,70769700
2023-02-13,394.74139404296875,394.875273798094,390.3525133608386,390.81149214644563,64913500
2023-02-14,394.5597229003906,396.864100329501,390.6106788806823,393.22104214899304,88389300
2023-02-15,395.8410339355469,395.91751581058026,391.5286350725414,392.3700815999979,61555700
2023-02-16,390.39068603515625,394.8178213049503,390.25683548885564,390.87834906759053,76431500
2023-02-17,389.41546630859375,389.6545122847336,386.34609496505783,388.26803395095567,89257800
2023-02-21,381.6033935546875,386.45125247879577,381.34523443071777,385.3994444508215,82655900
2023-02-22,381.0775451660156,383.55405800104023,379.624126941612,382.01458672604707,83742300
2023-02-23,383.10467529296875,384.5772067863999,378.88790045751995,383.96523503521115,96242400
2023-02-24,379.01220703125,379.84408241701556,376.39227228887677,378.0942785897589,108194400
2023-02-27,380.30303955078125,383.7070519585176,379.365968807818,382.3492579579314,80444700
2023-02-28,378.8974609375,381.78512595829335,378.79226552930106,379.82496053517093,96438600
2023-03-01,377.44403076171875,379.30860107550785,376.1436346387775,378.0846868266854,99706800
2023-03-02,380.3794860839844,381.22093252105213,375.13958820432623,375.47425838003477,85127800
2023-03-03,386.47998046875,386.7285976253681,381.54606794616154,382.1962660076362,90120000
2023-03-06,386.7477111816406,389.59714976739536,386.3078747490803,387.3022850157021,72795900
2023-03-07,380.8193359375,386.9389359941927,380.2073934400801,386.69989002886615,108310600
2023-03-08,381.44091796875,382.1962822868647,379.21299300204765,380.93414163742426,74746600
2023-03-09,374.40338134765625,383.88873887527785,373.41851305631604,382.2249589763906,111945300
2023-03-10,369.00091552734375,375.9332484862883,367.48058669730784,373.8583166785041,189253000
2023-03-13,368.47503662109375,373.28466995051247,363.97141834242984,365.08059523708437,157790000
2023-03-14,374.5659484863281,376.21058604424246,370.0909854321958,373.3898317252391,149752400
2023-03-15,372.2232360839844,372.4240265155613,366.8972852061237,368.98178810972763,172996900
2023-03-16,378.7539978027344,379.0982391870772,369.36429390384325,369.87107021323396,143254200
2023-03-17,374.3253173828125,378.55818505074,372.9431553160695,377.4255889740926,140553400
2023-03-20,377.9247131347656,378.33746367070916,374.40214170963634,375.1028011958168,93055800
2023-03-21,382.8870544433594,383.36697102971766,379.69079357481445,381.28412015653794,91524200
2023-03-22,376.36016845703125,386.3232414014182,376.3217962204962,382.71428861761933,111746600
2023-03-23,377.37762451171875,383.25179889041164,374.6708879123496,379.22048781510506,119351300
2023-03-24,379.8539123535156,379.94029380909427,373.7589669033852,376.1009617827795,107682400
2023-03-27,380.564208984375,382.8966256334002,379.67157124890343,382.1287415933862,74010400
2023-03-28,379.7099914550781,380.564227707631,377.8767066648121,379.87314668350865,62871700
2023-03-29,385.2290954589844,385.4690537806492,382.6663276952182,383.86611930354206,77497900
2023-03-30,387.48468017578125,388.10856590647154,385.62260139743574,387.8589998974814,69840000
2023-03-31,392.94622802734375,393.24377405188886,388.3006083777275,388.4062052883875,112062600
2023-04-03,394.4434814453125,394.84659500245755,392.03429064106433,392.4278257842298,67391100
2023-04-04,392.25506591796875,395.37452397054454,390.88248211307797,395.08655642138893,66601500
2023-04-05,391.22796630859375,392.28378854696774,389.57705225180376,391.52551221780175,65200200
2023-04-06,392.7541809082031,393.0325407601975,389.3851567329968,390.4313714897771,63743300
2023-04-10,393.1573181152344,393.2341211854021,389.6635400091113,390.2778181115092,63681000
2023-04-11,393.2628479003906,394.6641961280183,392.4949930804865,393.78116601430696,59297900
2023-04-12,391.659912109375,395.61444936283374,391.0744279375137,395.3264818376402,86420400
2023-04-13,396.8622131347656,397.2173467130726,391.6023169352439,392.7445207254535,85814800
2023-04-14,395.8927917480469,398.4171577397506,393.58919793642514,396.22873922494233,78161500
2023-04-17,397.3133544921875,397.3325406110166,394.577824032139,395.8064093482449,66436400
2023-04-18,397.572509765625,399.0218673008723,396.1999552913603,398.8874765900454,63560000
2023-04-19,397.50531005859375,398.4075262603893,395.60482989922565,395.66241754419593,55227300
2023-04-20,395.33612060546875,397.08302413683805,393.79077385332334,394.69301944461137,75840400
2023-04-21,395.6432189941406,396.10392013942635,393.6947589557848,395.63361128968654,73457400
2023-04-24,396.05596923828125,396.4782981802782,394.1075090570705,395.44166194381876,64332100
2023-04-25,389.7690124511719,394.6449810037149,389.71142480850085,394.08826140218645,97766700
2023-04-26,388.1181640625,391.4583943618871,387.56147365849546,390.3833857943013,80447000
2023-04-27,395.8448181152344,396.11357024267807,390.40255091976803,390.65211692803183,92968400
2023-04-28,399.2234191894531,399.23302689490464,394.9041697532796,394.9617574024191,89433100
2023-05-01,398.8202819824219,400.845515871164,398.5899021077479,398.781880454679,62122300
2023-05-02,394.3378601074219,398.1580067083917,391.43917444922255,398.1099974743272,103998500
2023-05-03,391.63116455078125,397.24619509986604,391.3912062306647,394.837004192524,91531800
2023-05-04,388.85723876953125,390.91126663739385,387.52305652796423,390.5849268562114,94901900
2023-05-05,396.05596923828125,397.1021838881152,392.22624422840113,392.48538864162396,87891800
2023-05-08,396.16156005859375,396.64147667611564,394.76021173712985,396.3823322476967,50046800
2023-05-09,394.4242858886719,395.53769601743005,394.19393527299343,394.61626426292884,49220100
2023-05-10,396.26715087890625,397.88927136463667,392.44700411687967,397.25577792419296,96142900
2023-05-11,395.5760803222656,395.8640185793233,393.5028369960926,395.4033173680311,70157100
2023-05-12,395.05780029296875,397.02547621204064,392.6390308249023,396.8143117058912,70481500
2023-05-15,396.4206848144531,396.8237983199805,393.75234992228525,395.66240845072787,54289400
2023-05-16,393.7716369628906,396.238415734528,393.762029255893,395.31695461644586,57705500
2023-05-17,398.5514831542969,399.1561533635068,394.14585302223173,395.7871593165039,87287000
2023-05-18,402.39093017578125,402.8132591766572,398.0140926137832,398.234835528931,97177200
2023-05-19,401.805419921875,403.8210757531866,400.5864421499419,403.2931791436521,103793300
2023-05-22,401.96856689453125,403.50430592203884,400.58640469895295,401.8245977682805,60745400
2023-05-23,397.4573059082031,401.90133808318683,397.06377080135275,400.3271976557855,86383500
2023-05-24,394.5778503417969,396.238372422446,393.4164603018304,395.85444497777297,89213700
2023-05-25,397.99481201171875,399.4441694496832,395.84479511708275,398.0811934806872,90961600
2023-05-26,403.1490783691406,403.86895317673464,398.57068513788386,398.64745889564364,93830000
2023-05-30,403.30267333984375,405.60626696953454,401.9205113036728,405.0783704702366,72216000
2023-05-31,401.06634521484375,402.3813121326053,399.5018122688516,401.47906649861943,110811800
2023-06-01,404.8768615722656,405.9326839874396,400.0489015795839,401.2966730663804,88865000
2023-06-02,410.7319030761719,411.51894416726753,406.92136347665047,407.44926010636226,91426200
2023-06-05,409.9447937011719,412.3635629860605,409.2441048720611,411.0773899248413,65460200
2023-06-06,410.8374328613281,411.3653294424387,408.87936479133043,409.5320736758542,64022200
2023-06-07,409.4168701171875,412.36356528982583,408.99454113451293,411.2309690598289,85373300
2023-06-08,411.8932189941406,412.344341762355,408.71617349799953,409.4840283285931,61952800
2023-06-09,412.63226318359375,414.63831094166113,411.6436362158996,412.689850828952,85742800
2023-06-12,416.3756103515625,416.45241340725585,412.8914406087862,413.61131547404943,76104300
2023-06-13,419.1208190917969,419.7638910098273,417.17235863286135,417.83464596394765,95899700
2023-06-14,419.6199035644531,421.42439480568777,416.1741056268984,419.45674831132544,100612100
2023-06-15,424.8221130371094,426.0698842831908,418.7079812061063,418.8039410775125,110303100
2023-06-16,423.3751525878906,427.3732510116979,422.9030966686289,426.80484934957235,114165800
2023-06-20,421.1785888671875,422.32503554227975,419.1072877770987,421.4387253030806,76160400
2023-06-21,419.0205993652344,420.99555478179644,418.4329109170005,420.1959468611093,76982300
2023-06-22,420.5331726074219,420.6391323512952,417.72967888460175,418.06687430704443,70637200
2023-06-23,417.3538513183594,419.1361444036858,416.6409458444642,417.08410091737835,92074500
2023-06-26,415.6487121582031,418.7026693868189,415.40786249787595,416.7855154988048,72823600
2023-06-27,420.20562744140625,420.82218732627064,416.07263875155775,416.52543732038123,72813700
2023-06-28,420.41754150390625,421.4290983033547,418.5100016357142,419.1265614695,75636000
2023-06-29,422.0745849609375,422.2383756741101,419.5986726779713,420.00328366247703,67882300
2023-06-30,427.05535888671875,428.0380149404403,424.9647708481831,425.2827088718478,104964000
2023-07-03,427.54669189453125,427.82605633249915,426.4291459408796,426.70853977944085,32793400
2023-07-05,426.91082763671875,427.6430199831629,425.7258367708566,425.7354801650757,58418400
2023-07-06,423.5678405761719,423.991738320798,421.06299828536083,423.3366343156822,80658300
2023-07-07,422.4984130859375,426.43873894163033,422.25756345371417,422.57550143257924,86134200
2023-07-10,423.5678405761719,423.7412452715391,421.57359837767063,422.1420000351028,62443500
2023-07-11,426.2653503417969,426.7566930521444,423.3558970583311,424.32893908451956,64463800
2023-07-12,429.695068359375,431.10165159958825,428.6257099376319,430.0515505672172,91924500
2023-07-13,433.10546875,433.89546265173254,431.07271183277675,431.50622355890425,72425200
2023-07-14,432.835693359375,434.83954937929775,432.0746002832751,433.99178336356243,69815800
2023-07-17,434.3385925292969,435.3886934056767,432.6430016974079,432.6911892645716,52680200
2023-07-18,437.5660095214844,438.2114701147798,433.5775252322227,434.0110663595222,80668200
2023-07-19,438.53900146484375,439.7239627832137,437.48887124527397,438.3559534009252,65891700
2023-07-20,435.6296081542969,438.442745236727,434.91670253914305,437.5467915202886,70591600
2023-07-21,435.6296081542969,437.5467915202886,435.6199941598992,437.34445662901965,71275600
2023-07-24,437.57562255859375,438.38487379289774,435.7451418375123,436.77598531715506,54023400
2023-07-25,438.7702941894531,440.0227007047043,437.2577512159894,437.3059387900186,55191200
2023-07-26,438.8377380371094,440.26354925381463,436.78569416377627,437.8357951870991,71052900
2023-07-27,435.9281921386719,442.62382369326946,435.0225951669556,442.2191833737535,92194400
2023-07-28,440.1961364746094,441.024645224626,435.9282579906258,439.1941936182639,80011800
2023-07-31,441.0342102050781,441.39066294813205,439.3578768125751,440.6681140687776,62040400
2023-08-01,439.77215576171875,440.5139620189602,438.81837125887813,439.569820909262,55291500
2023-08-02,433.6545715332031,436.92047716007846,432.90312187918494,436.660370149276,93933400
2023-08-03,432.4118347167969,434.2904737931767,430.9956375639887,431.64112757810364,64276100
2023-08-04,430.4560852050781,436.3231785934213,429.93584177835424,434.2229769011584,100128900
2023-08-07,434.21337890625,434.36752621178806,431.59293351328745,432.28658168791264,58357500
2023-08-08,432.3251037597656,434.2037427118271,428.9724661870649,431.6796137883657,71361300
2023-08-09,429.4349670410156,432.75870428928835,428.6738738420237,432.59491357535535,78789600
2023-08-10,429.58905029296875,435.1671361209915,428.4233462814403,431.7855978075418,93005500
2023-08-11,429.33856201171875,430.3501481391964,427.1227570858758,427.7200594884635,68690900
2023-08-14,431.70855712890625,431.70855712890625,428.11509896255956,428.4233935882657,47867400
2023-08-15,426.6795959472656,430.29234049304716,426.1111649328765,429.9358583347008,75707500
2023-08-16,423.5486145019531,427.9224233894094,423.4426253576642,426.26537646534126,80107200
2023-08-17,420.3211669921875,425.273020314269,419.8009235363625,425.01291328665195,95711300
2023-08-18,420.5235290527344,421.55437270930423,417.1612770258868,417.50808644271694,98852000
2023-08-21,423.259521484375,424.0013277942752,419.38666984217986,421.53502982303786,68719000
2023-08-22,422.1130676269531,425.0321640493009,421.5543094057689,425.0321640493009,64994200
2023-08-23,426.8144836425781,427.43107286328376,423.0283341735705,423.1728380844883,68441000
2023-08-24,420.8992614746094,428.9243595057039,420.87033128977225,428.4137593836846,88517300
2023-08-25,423.866455078125,425.14776219480035,419.07836317797603,422.62366273446645,102325100
2023-08-28,426.5543212890625,427.17088102922287,423.86643129217725,426.053335262057,61595400
2023-08-29,432.7201232910156,432.999517120143,426.26534084235647,426.4483889303442,83081900
2023-08-30,434.50238037109375,435.13822692888783,432.35399106524045,433.057282576268,69053900
2023-08-31,433.8665771484375,436.2557869248091,433.6835290574293,435.11898360214246,66084600
2023-09-01,434.6758117675781,437.06505085275637,433.2210704898494,436.5833515582069,58944100
2023-09-05,432.79718017578125,434.55057269413254,432.72976461783867,434.23266409054196,55166200
2023-09-06,429.8877258300781,432.093916863234,427.56593166865076,431.9879277285903,70758500
2023-09-07,428.5679016113281,429.24226303585164,426.5447585365695,426.89156794336543,70355400
2023-09-08,429.21331787109375,430.74511806057524,428.2595627004295,428.6160154651993,61659700
2023-09-11,432.0361328125,432.3443980335229,430.1285929169173,431.8337979292306,60180100
2023-09-12,429.6661682128906,432.11320909412444,429.08815252492514,430.59105211482444,67565400
2023-09-13,430.1670837402344,431.32314432701645,428.78940150844926,429.88768993651144,60199300
2023-09-14,433.87615966796875,434.56980780447236,431.33280276784916,432.63339669886733,83430800
2023-09-15,428.648681640625,432.62223173023705,428.2136407942197,432.29352436707654,111848900
2023-09-18,428.90008544921875,430.1955896700722,427.86560575276553,428.3393267614431,55752200
2023-09-19,428.0106201171875,428.57137880593234,425.3326034960519,427.981617392204,66514600
2023-09-20,424.07574462890625,429.6831540306982,423.87269606637597,429.26743850526196,82562600
2023-09-21,417.0665283203125,421.4944451347644,416.9118372759941,421.2334205936458,104095800
2023-09-22,416.1287536621094,419.68655933537104,415.7130085528767,418.0913502784636,100829700
2023-09-25,417.8786315917969,417.91728222441265,414.4851650567311,414.92023546020613,70874500
2023-09-26,411.7394104003906,415.54859200929735,410.90794984146544,414.8428197503268,96168400
2023-09-27,411.9037780761719,413.4700137261174,408.2686420542666,412.90925504168933,104705800
2023-09-28,414.291748046875,415.964317107926,410.762945679416,411.35270706101295,92258300
2023-09-29,413.2862854003906,417.5111824781116,411.7684074215334,417.3371661441051,115111300
2023-10-02,413.1219482421875,414.3691244055631,410.36657139466814,412.454856073705,83798600
2023-10-03,407.5918884277344,413.1799731499237,406.2287013020404,410.94667474306095,103760600
2023-10-04,410.5599365234375,411.30435944495287,406.59606370497346,408.0559363281981,87453000
2023-10-05,410.4052429199219,411.2463514179395,407.1858225474584,410.269877205424,70142700
2023-10-06,415.2779541015625,416.81515765208843,406.63478734252965,407.95929439211045,113273300
2023-10-09,417.9365539550781,418.50696046790523,412.83186855618567,413.38292025225314,80374400
2023-10-10,420.11187744140625,422.70288570856627,418.1686064888882,418.5649967058061,78607300
2023-10-11,421.8327941894531,422.08414129890025,418.79703802262225,421.17537943505704,62451700
2023-10-12,419.2611389160156,422.8189443567332,416.91182957643576,422.4419089154139,81154200
2023-10-13,417.17279052734375,421.95844616014017,415.606584539678,420.75959814761615,95143100
2023-10-16,421.5621032714844,422.6255856986061,419.1741138914331,419.4158131019472,75433200
2023-10-17,421.54278564453125,423.5924199141401,418.0913430371363,418.43937576892034,75324700
2023-10-18,415.92559814453125,420.7305789017386,414.842790566168,419.7734596144878,93559800
2023-10-19,412.2711486816406,418.44899434083845,411.5944086302288,416.64108906158174,121323000
2023-10-20,407.2052001953125,412.37756965755136,407.0988371910665,411.8361657385735,123919900
2023-10-23,406.49945068359375,410.35699070368474,403.9277671716339,405.67766734824943,92035100
2023-10-24,409.56414794921875,410.7146385432617,406.7700909338865,408.61667642933105,78564200
2023-10-25,403.6860046386719,407.91093157015536,403.17360349885,407.88192884542195,94223200
2023-10-26,398.8520202636719,403.47330792914914,397.9335809780985,402.6225515026816,115156800
2023-10-27,397.04412841796875,400.8339851009318,395.62293584989493,400.43759484678344,107367700
2023-10-30,401.79107666015625,402.8448816266276,398.5329761803426,399.8284803456642,86562700
2023-10-31,404.314453125,404.63348310254605,400.45691364342605,402.361504611754,79665200
2023-11-01,408.6263427734375,409.43844855236455,404.74947812853236,405.28123407598383,98068100
2023-11-02,416.4574279785156,416.61211901779166,412.39686933434086,412.41619465013827,94938900
2023-11-03,420.2569274902344,421.80380835994043,418.63271585397734,418.75840416588386,100167800
2023-11-06,421.2237243652344,421.66844265759465,419.28045324415575,421.01102787683624,67831700
2023-11-07,422.4225158691406,423.0606052933152,420.0828841514639,421.22369728667144,64256100
2023-11-08,422.73193359375,423.5440394282341,420.43095231056213,423.02196085453033,61746000
2023-11-09,419.43511962890625,423.9113935278032,419.0097266771128,423.8727133946502,83174400
2023-11-10,425.9803161621094,426.2896982135309,419.4254351571336,421.5040718428815,89462200
2023-11-13,425.5743103027344,426.6764433760795,423.86309048956497,424.64619358239656,52236100
2023-11-14,433.83074951171875,435.1165763059157,431.2783917339626,431.50076562505876,97176900
2023-11-15,434.74920654296875,436.3927730128096,433.8984205823122,435.16492211328534,77327600
2023-11-16,435.2809753417969,435.60000533429076,433.2410185572766,434.3045010394223,66665800
2023-11-17,435.8223876953125,436.43147446982493,434.37219232906403,435.2906316917746,83133200
2023-11-20,439.1771545410156,440.0182630951851,435.5613141930735,435.57099160312566,69936200
2023-11-21,438.219970703125,439.05143128536895,436.95346926763995,438.13296253247677,49244600
2023-11-22,439.9118957519531,441.22675482120695,438.8194400859089,439.8732451207241,59394900
2023-11-24,440.18255615234375,440.3759273074353,439.631504418495,439.9602117787139,29737400
2023-11-27,439.38983154296875,440.36627627306393,439.00308920962266,439.55417048077294,50506000
2023-11-28,439.82489013671875,441.1203943936042,438.4423777026132,439.00310690168646,62115000
2023-11-29,439.5155029296875,443.10234049536746,439.1191421839662,441.97117519611106,63146000
2023-11-30,441.24609375,441.59415597189025,438.2876976332808,440.35665713551293,79752700
2023-12-01,443.8564453125,444.3881717849613,440.0472633152973,440.6369952391435,89183400
2023-12-04,441.5264587402344,443.8757680204174,439.25448022667734,440.47265370720123,72430900
2023-12-05,441.4394226074219,442.3965419933345,439.7668535301099,440.14391844231596,69793500
2023-12-06,439.6605529785156,443.60507121667763,439.225482586349,443.57606849081975,69124700
2023-12-07,443.01531982421875,443.66305717468333,441.13973162302386,441.7391409339485,66995400
2023-12-08,444.9198913574219,445.4516177863762,442.02914891320626,442.2708481089666,83194400
2023-12-11,446.6504821777344,446.8245280398024,444.21416465607524,444.4268611503367,65002200
2023-12-12,448.6904296875,448.7871152745883,445.30664066950123,446.3024402574832,68327600
2023-12-13,454.8778991699219,455.12927578193285,448.709730800554,449.0674408996175,93278000
2023-12-14,456.3377990722656,458.00069086527446,453.66943027540754,456.8115200961749,119026000
2023-12-15,455.58642578125,456.91633245678577,453.74207009746453,455.7417439978948,141553700
2023-12-18,458.149169921875,459.1296032853033,456.13009218585904,457.1881698520897,70375300
2023-12-19,460.93505859375,461.012732509764,458.61506136543755,458.69270565753243,55761800
2023-12-20,454.54779052734375,461.96405036999886,454.1206728290634,460.0808576886502,102921000
2023-12-21,458.8577575683594,459.1295570366737,455.1107760152546,457.5278509164755,86667500
2023-12-22,459.77996826171875,461.4593188510491,457.887088433067,459.9838104781131,67160400
2023-12-26,461.7213439941406,462.62410332069675,460.1099508863103,460.1876248035588,55387000
2023-12-27,462.5562438964844,462.70184548290086,460.9836875153384,461.51756987350683,68000300
2023-12-28,462.7308654785156,463.56566747559816,462.31346447997436,462.91530398929757,77158100
2023-12-29,461.39129638671875,463.060930093317,459.44014657654174,462.53673484415077,122283100
2024-01-02,458.8092041015625,459.7993540123723,456.7124526493962,458.3335624378489,123623700
2024-01-03,455.062255859375,457.3919698393569,454.4604162904711,456.6542157231931,103585900
2024-01-04,453.5964660644531,457.16869615612853,453.37319057475315,454.5865863632777,84232200
2024-01-05,454.2177429199219,456.66393818647634,452.7713549830218,453.8003122508208,86118900
2024-01-08,460.7021179199219,460.84771948944723,454.5865853845721,454.71278328613425,74879100
2024-01-09,460.00323486328125,461.02247554943773,457.54732279548995,458.05208481523704,65931400
2024-01-10,462.604736328125,463.4686883884697,459.99350610212235,460.275022232607,67310600
2024-01-11,462.4008483886719,464.1190060691037,458.43062113494074,463.6045274671268,77940700
2024-01-12,462.7211608886719,464.58494971105563,461.31363965656635,463.84719564870727,58026400
2024-01-16,461.0224609375,462.6532578332319,459.2072255045687,461.3428140279713,85014900
2024-01-17,458.45977783203125,458.94513616011074,456.110630489601,458.00353981867966,68843900
2024-01-18,462.5367736816406,463.0900892897804,458.58597937392244,460.1294153145847,91856200
2024-01-19,468.3028259277344,468.58434205067863,462.5853202688259,463.6628015298727,110834500
2024-01-22,469.29290771484375,471.01106526965975,468.64251461985964,469.8365065894946,75844900
2024-01-23,470.66168212890625,470.9043613024555,468.74939868030367,469.8365966379768,49945300
2024-01-24,471.1761779785156,474.45717543420074,470.68110299788805,473.525295727068,81765000
2024-01-25,473.7388000488281,474.0105994997861,471.1761237432126,473.30196574868353,72525000
2024-01-26,473.13702392578125,474.7969411657135,472.2925051479898,473.3117458196852,76641600
2024-01-29,476.8838806152344,477.0295117882454,472.9039666950393,473.44756556093665,61322800
2024-01-30,476.5151062011719,477.2237103899132,475.7579187820987,476.19475312019154,58618400
2024-01-31,468.7396545410156,474.75807991768903,468.7202212489611,474.31155855924624,126011100
2024-02-01,474.8746337890625,474.9037541058598,469.63273977415656,470.4384512454217,91891600
2024-02-02,479.873779296875,481.5239798187347,474.971642466127,475.31139921660196,99228200
2024-02-05,478.12646484375,479.90289286822576,475.87442477356564,479.2428126687566,75757100
2024-02-06,479.5146179199219,479.84465802363434,477.6411122849623,479.0680669349689,55918600
2024-02-07,483.51397705078125,483.93137810723994,480.854193242822,481.756982255993,70556500
2024-02-08,483.7275695800781,484.10613370157176,482.69861221283804,483.5140107138251,52343600
2024-02-09,486.523193359375,486.9599980744067,483.8925299274153,484.2322866772762,63979400
2024-02-12,486.3095703125,488.7557652655047,485.5912199471907,486.4940088202494,56502300
2024-02-13,479.6116943359375,482.53356108402113,476.35010044182593,480.0485287007201,113099200
2024-02-14,483.97021484375,484.4555731763151,479.92231331563113,482.2423403647749,68387800
2024-02-15,487.3094787597656,487.49391729462275,484.1934569596569,484.66912826614583,61683000
2024-02-16,484.8826904296875,488.1442842020213,484.144936285217,487.00856229426716,75532900
2024-02-20,482.2132263183594,483.8149029118612,479.97087316267243,483.14510603430045,71736700
2024-02-21,482.6499938964844,482.80531210783914,479.10688422021883,480.9124325062878,59293400
2024-02-22,492.6387023925781,493.59970240133447,488.2898811137423,489.25091074641995,76402500
2024-02-23,492.9784240722656,495.1916567031526,492.25038663284334,494.3568250348437,61321800
2024-02-26,491.17291259765625,493.8521000550051,491.0467146922128,493.41526570907337,50386700
2024-02-27,492.0853576660156,492.30863314805396,489.9692025931845,491.86211180789684,48854500
2024-02-28,491.4350280761719,492.01743437576624,490.17307863790023,490.5322390639573,56506600
2024-02-29,493.2016906738281,494.8130838290683,490.5516532421677,493.1920036518268,83924800
2024-03-01,497.8320007324219,498.25911842016706,493.6676477127876,494.0753617325155,76844800
2024-03-04,497.2981262207031,499.1425115484434,497.00692307628157,497.03607301464484,49799300
2024-03-05,492.3280334472656,495.7449748064334,490.1245174506037,495.29842384541166,72855600
2024-03-06,494.82281494140625,497.07488469099843,493.53177482463775,495.59937641592427,68382400
2024-03-07,499.7345886230469,500.78297909459656,494.88100583529064,498.1135085613306,58652100
2024-03-08,496.7351379394531,503.0447667007892,496.1624186562773,500.36563844693006,86532500
2024-03-11,496.3079833984375,496.89041928478855,493.6093924281333,495.5314219659159,62557200
2024-03-12,501.64703369140625,502.22944004596746,495.9003478364412,498.4145303039695,73114400
2024-03-13,500.8606872558594,502.1420404607562,499.424045441815,501.9673185575223,55104100
2024-03-14,499.8705139160156,501.9866689472691,496.8321662856789,501.83132111592977,110171800
2024-03-15,496.4381408691406,498.2590460217431,494.77306623402836,496.80816405826874,107646300
2024-03-18,499.3885192871094,501.93969410963876,498.97956820958467,500.4985887866016,88893300
2024-03-19,502.16363525390625,502.4459962981956,497.69417669493055,498.6971497497458,60755300
2024-03-20,506.80841064453125,506.9447474953313,501.55028937128384,502.2221673565908,69594600
2024-03-21,508.48321533203125,510.34301859328446,508.20079481953724,509.6419595938359,60256100
2024-03-22,507.5191650390625,508.8823549532907,507.2854193036717,508.3954886770838,79070800
2024-03-25,506.11700439453125,507.26600171225357,505.9611738991571,506.1461854674636,48512100
2024-03-26,505.1822814941406,507.87954020766836,504.7830772199743,507.5386980888141,65463700
2024-03-27,509.4277038574219,509.4666912006187,505.8443747669276,508.00609219695343,82999800
2024-03-28,509.33038330078125,510.829910300913,509.04802220619024,509.46672014586477,96294900
2024-04-01,508.4443054199219,510.60602319461645,507.28556098165114,510.07048202760325,62477500
2024-04-02,505.2115173339844,505.3477947483364,502.9134629158643,504.62724203503336,74230300
2024-04-03,505.76641845703125,507.2660046821648,504.0721332594207,504.12080800253995,59155800
2024-04-04,499.5930480957031,510.10934946561747,499.2911933332161,509.76856679026787,96858100
2024-04-05,504.8121643066406,506.7693762627344,500.50828302932854,500.9464745680228,74546500
2024-04-08,505.09454345703125,506.516214442084,504.2863881936749,505.5133007732254,48401800
2024-04-09,505.6788024902344,507.0712329255352,500.8393207404325,506.82779978442835,68049200
2024-04-10,500.6154479980469,502.6018412987628,498.6388015333815,499.9922448100833,82652800
2024-04-11,504.3935241699219,505.8346295064768,498.6290433917763,502.1344572387197,70099000
2024-04-12,497.4313659667969,502.27081877394835,495.70784003413945,500.85889444352966,92561100
2024-04-15,491.1994934082031,501.7644698822578,490.3523209615631,501.5989519571189,92101400
2024-04-16,490.3036193847656,493.19560665785394,489.01828510429004,491.6765860412786,73484000
2024-04-17,487.4018859863281,492.9229634124424,486.00945537176443,492.7574157801548,75910300
2024-04-18,486.3989562988281,490.8878795783521,485.46418121059236,488.794360179131,74548100
2024-04-19,482.1534729003906,487.3142441699,480.8876025986124,486.32104754330464,102212600
2024-04-22,486.59375,489.1838827819534,482.41642801907807,484.7533807670464,67961000
2024-04-23,492.3679504394531,492.79639521919916,486.4087108687592,488.5996095177476,64633600
2024-04-24,492.1342468261719,494.0427545951939,489.914137461728,493.2540334865075,55928100
2024-04-25,490.2646484375,491.02415872515365,484.42225246602163,486.0678630419317,69122400
2024-04-26,494.9093933105469,496.48683553540934,492.41663996726425,493.04956028124485,64306100
2024-04-29,496.66204833984375,497.33392621215023,493.92586210692747,496.69125912925006,46415400
2024-04-30,488.7943420410156,496.1752226900087,488.7943420410156,495.20149000874,77483600
2024-05-01,487.2071533203125,494.841213980312,486.7397509352648,488.2100967940072,80242800
2024-05-02,491.76422119140625,492.6016467604268,486.4281553313073,490.9073316662554,62550200
2024-05-03,497.8597717285156,499.08665465274976,495.20147091341136,497.73318173027803,72756700
2024-05-06,503.0010986328125,503.0400265445959,499.8169737447077,500.2551653379584,47264700
2024-05-07,503.5561218261719,504.9485523975052,502.8842439138016,503.96507290224616,52561300
2024-05-08,503.604736328125,504.14027734043043,501.6085965012132,501.72543965182825,42047200
2024-05-09,506.5064697265625,506.5454570669787,503.1373929681529,503.7897771689901,43643700
2024-05-10,507.1589660644531,508.9116730396104,505.94180018838176,508.1034582569593,52233200
2024-05-13,507.2270202636719,508.9407991411694,506.08776976766853,508.8337028193061,36716400
2024-05-14,509.5543212890625,510.070428158798,506.8863031411852,507.42184425163964,57535900
2024-05-15,515.8641967773438,516.1563047340521,511.38499019072265,512.0179402902028,59504900
2024-05-16,514.8026733398438,517.5583531460086,514.6565896819933,515.9614174721102,50244800
2024-05-17,515.5427856445312,515.6109540647997,513.4687302561026,514.9195824580145,59187600
2024-05-20,516.1367797851562,517.5973789121299,515.2701433728218,515.6596602461204,37764200
2024-05-21,517.4026489257812,517.5584794564415,515.1728221981522,515.3773274826686,33437000
2024-05-22,515.9127807617188,517.4220544657823,513.741316563043,516.7112486575287,48390000
2024-05-23,512.14453125,519.0677572803991,510.9370526401655,518.9606609347318,57211200
2024-05-24,515.532958984375,516.3411736344989,513.0402060562079,513.9846980938406,41291100
2024-05-28,515.893310546875,516.5749353115505,513.2642204156563,516.3412489766735,36269600
2024-05-29,512.2807006835938,513.458938533357,511.5698948988185,511.87174962966077,45190300
2024-05-30,508.88238525390625,511.4043788648702,507.6360384172024,510.7422478216335,46377600
2024-05-31,513.5173950195312,513.6439850215788,504.7440541264526,509.8367164200918,90785800
2024-06-03,513.9360961914062,515.4064420460951,508.87267437322015,515.1240809646227,46835700
2024-06-04,514.5106811523438,515.2507275789484,511.17078482758455,512.6313840068518,34632700
2024-06-05,520.6256103515625,520.645104022442,514.8416361330836,516.8280887412405,47610400
2024-06-06,520.6159057617188,521.3559521321091,518.6879340097541,520.9275073614583,30808500
2024-06-07,519.9830322265625,522.7873872843439,518.55161418802,519.6421901069427,43224500
2024-06-10,521.589599609375,521.9109480214009,518.5807990347079,519.1747616812378,35686100
2024-06-11,522.8458251953125,522.9042467845098,518.0745108271142,520.0414700499772,36383400
2024-06-12,527.139892578125,529.8274041983666,526.1077383475028,527.4028194115604,63251300
2024-06-13,528.2012329101562,529.0581223075357,525.4163720846324,528.8828575806059,44760900
2024-06-14,528.5226440429688,528.5518251182958,525.6695550365463,526.6725282080745,40089900
2024-06-17,532.7290649414062,534.1215548157255,527.3832826445532,527.8409678567655,55839500
2024-06-18,534.0825805664062,534.2091705580833,532.3688016931667,532.7874995764366,41376400
2024-06-20,532.6317138671875,535.6697547200665,530.8595134643548,535.0076237066871,70328200
2024-06-21,531.917724609375,533.0313753907063,530.4621917432297,531.8102827682807,64338600
2024-06-24,530.1885986328125,534.3012597413704,530.0713785197397,531.7418545665156,45528700
2024-06-25,532.230224609375,532.5916631831469,529.8954816744096,531.4096242974609,37936200
2024-06-26,532.8945922851562,533.6076912884868,530.4719636310322,531.1166742934914,38550600
2024-06-27,533.734619140625,534.3110010096894,532.0153114364416,532.7577451835803,35041500
2024-06-28,531.6343994140625,537.5543137581463,530.3938098387125,534.5064116818106,76144500
2024-07-01,532.7285766601562,533.2560672380866,529.973784394742,533.0118486999152,40297800
2024-07-02,536.3136596679688,536.3136596679688,531.0776287968915,531.1264605772033,40434800
2024-07-03,538.7069091796875,539.068347757372,535.9618958708759,536.000949362856,32789900
2024-07-05,541.8134155273438,542.2139076372644,538.3747999305978,539.0097918869257,41488400
2024-07-08,542.4385986328125,543.3861377502993,541.3737797869028,542.5948722312855,36110500
2024-07-09,542.9661254882812,544.2946598471173,542.6730752067231,543.3959524424528,27289700
2024-07-10,548.3389282226562,548.6808102777995,543.894163387503,544.1872136667199,38701200
2024-07-11,543.61083984375,549.3255886798729,542.9759074999535,548.4561564855596,53054200
2024-07-12,547.0397338867188,550.6346235261244,544.2654447499774,544.7343252522627,53084400
2024-07-15,548.5441284179688,551.7775792240066,546.6880438244344,549.0325654558818,40584300
2024-07-16,551.7970581054688,552.090108393895,549.1008762046278,549.8530882979716,36475300
2024-07-17,544.0602416992188,547.5476892504238,543.7378565645935,545.8772131422685,57119000
2024-07-18,539.8790893554688,546.5804894498617,537.700679694463,545.5938372966342,56270400
2024-07-19,536.2940673828125,541.2663824595259,535.2390267295067,539.644738170822,65509100
2024-07-22,541.8231811523438,542.4288382548532,538.2771238069361,540.2113152231016,43346700
2024-07-23,540.973388671875,543.8648979607326,540.4849516029554,541.7157629327536,34439600
2024-07-24,528.7135620117188,536.4699449259502,527.7952979520205,536.1671163330532,74515300
2024-07-25,525.9586791992188,534.7994361794972,525.0209183627663,528.8306910081631,61158300
2024-07-26,531.8493041992188,534.5357078065754,528.9675138593225,529.7392825093052,53763800
2024-07-29,532.1619262695312,534.3989464184045,530.1690650137424,533.3927971337158,39515800
2024-07-30,529.4657592773438,534.6822931769603,526.0662565076813,533.6272524601584,46853600
2024-07-31,538.072021484375,540.6998152024645,534.9167372159726,536.2843251839307,65663400
2024-08-01,530.4523315429688,542.0380422456446,526.955106117804,539.7912440920945,76428700
2024-08-02,520.576171875,524.5715530952934,516.3755660291246,523.3602388903765,82789100
2024-08-05,505.41510009765625,511.4717311244644,498.4695101090915,499.80785259777787,146267400
2024-08-06,510.0747985839844,517.4990173620844,505.89374911647377,507.2125052074326,84826300
2024-08-07,506.6654968261719,519.2965314666948,506.0696179320819,516.2486294067602,70698300
2024-08-08,518.3782348632812,519.0033889369354,509.77197692780607,511.79405372836936,63276600
2024-08-09,520.6640014648438,522.1488688468696,516.3364573171235,517.5575496711185,45619600
2024-08-12,520.9376831054688,523.3407552909962,518.6713279832952,521.8559471668351,42542100
2024-08-13,529.5048828125,529.7393827100993,523.8781373672056,524.1223559231595,52333100
2024-08-14,531.1751708984375,532.3572097547438,527.6291139531684,530.2959605592147,42446900
2024-08-15,540.2796630859375,540.562935056648,536.1865589989441,536.7922160560852,60846800
2024-08-16,541.4910888671875,542.1846909540823,538.5116347380534,538.6679083622046,44430700
2024-08-19,546.6683959960938,546.6683959960938,541.0513709978661,541.9012465320536,39121800
2024-08-20,545.7794799804688,547.8700045132335,544.4411674580102,546.2190851764095,33732300
2024-08-21,547.6550903320312,549.1106230342316,541.9012882335657,546.8247712917706,41514600
2024-08-22,543.3568725585938,550.1559376249218,542.1455582382872,549.5502804647684,56121500
2024-08-23,549.1302490234375,550.0680696349215,544.4021520897437,546.5904001832064,50639400
2024-08-26,547.8212280273438,550.8690705771505,546.1214765619129,550.1559715338451,35788600
2024-08-27,548.5734252929688,549.0618623501647,545.4083627021253,546.5512887213379,32693900
2024-08-28,545.3888549804688,548.6614193309421,542.2042355425785,548.2315922971716,41066000
2024-08-29,545.4376220703125,550.644377643334,544.2946960843145,547.352316743397,38715200
2024-08-30,550.6444091796875,551.1524028130747,544.2556737558524,547.8017316610252,62700100
2024-09-03,539.312744140625,547.8408371292351,536.8021702028251,547.5086736550506,60600100
2024-09-04,538.2088623046875,541.6083655035815,536.7533292597282,537.4762066412244,47224900
2024-09-05,536.8998413085938,540.9929467939947,534.447877405527,538.1502689658041,44264300
2024-09-06,527.8635864257812,538.8436399407501,526.964879098129,537.2220554393132,68493800
2024-09-09,533.773681640625,535.043665505135,530.1299607989381,532.0544335310877,40445800
2024-09-10,536.0986938476562,536.4504138231891,530.8138314182086,535.6786451567546,36394600
2024-09-11,541.5985717773438,542.5168359009789,527.4730091477311,536.0108800293665,75248600
2024-09-12,546.1605834960938,546.4634120914028,539.9573969973035,542.1749203516514,51819600
2024-09-13,549.012939453125,550.0093699640063,546.5121445202687,546.7661412876428,39310500
2024-09-16,549.8237915039062,550.0875069413107,546.9517795427174,548.7491943236346,36656100
2024-09-17,550.0485229492188,553.4773606816602,547.8212213158272,552.0315464267048,49321000
2024-09-18,548.4171752929688,555.5385664291312,547.8603498689396,550.7030274298603,59044900
2024-09-19,557.7755737304688,559.6316584337985,554.9426745171918,557.8049085738365,75315500
2024-09-20,556.8113403320312,557.8500005367814,553.7933228326182,556.4096197933483,77503100
2024-09-23,558.2027587890625,558.8495067502496,556.6643550711399,557.8794446150124,44116900
2024-09-24,559.7999877929688,559.8587776289324,556.1744550910837,558.9964868304339,46805700
2024-09-25,558.5653686523438,560.3781649949049,557.4581101822776,559.6432621062706,38428600
2024-09-26,560.77978515625,563.1413061737785,558.4281322177342,562.817932214862,48336000
2024-09-27,559.9664306640625,562.6610738881527,558.9375788488986,561.847824630314,42100900
2024-09-30,562.21044921875,562.8179640810873,556.6447925339722,558.9376557740085,63557400
2024-10-01,557.1738891601562,562.5043864049716,554.6066335561335,561.8576982708267,72668800
2024-10-02,557.4091186523438,558.4282222492225,553.8914170466389,556.2823034605133,38097800
2024-10-03,556.3900756835938,558.3302001396713,554.106960667849,555.9393137222664,40846500
2024-10-04,561.446044921875,561.818400406846,556.6642732473864,560.8287218708198,42939100
2024-10-07,556.3704223632812,560.4467168743025,555.22399069742,559.7999688939893,49964700
2024-10-08,561.6322631835938,562.230029540932,558.0655806170524,558.9376197622599,37398700
2024-10-09,565.5223999023438,566.0809331902332,561.0247685875196,561.6224751598685,37912200
2024-10-10,564.5327758789062,565.953600014702,562.9257739624676,564.1800368650188,44138100
2024-10-11,567.913330078125,568.6482329129351,564.3171624790748,564.4543586951436,42268000
2024-10-14,572.557861328125,573.4887501402064,569.0401003876937,569.5202272995722,36217200
2024-10-15,568.1093139648438,573.1262458468478,566.8942243784207,572.8224884018784,54203600
2024-10-16,570.5785522460938,571.097912292803,567.3058184280349,568.1093193754714,30725400
2024-10-17,570.6275024414062,574.3216329805343,570.4413246734956,574.1158386665669,34393700
2024-10-18,572.8224487304688,573.6063330690159,570.8528997080355,572.3128969974695,37416800
2024-10-21,571.8817749023438,573.0771881011084,568.912738838732,572.0973176864316,36439000
2024-10-22,571.577880859375,572.7341204955679,568.6970601364774,569.3535564115765,34183800
2024-10-23,566.355224609375,570.0003732214365,562.8570804647936,569.5594196255329,49314600
2024-10-24,567.5801391601562,568.3836400907534,564.9639018539431,568.3052337104026,34979900
2024-10-25,567.3841552734375,572.6950960929863,566.4435179318251,569.8044663478088,47268200
2024-10-28,569.1381225585938,570.9802836348513,568.8343651367928,570.8528957024953,30174700
2024-10-29,570.0591430664062,571.176149715264,566.7863500672389,568.1777490973657,42899700
2024-10-30,568.334716796875,571.578085865319,567.629178914475,569.5889199783458,41435800
2024-10-31,557.1935424804688,564.0428273008541,556.9975564307639,563.9742291931302,60182500
2024-11-01,559.545166015625,563.9643910438907,559.1336371976272,559.8195584319851,45667500
2024-11-04,558.3399047851562,560.9757583388703,556.4585705161212,559.6823223393656,38217000
2024-11-05,565.09130859375,565.1304818819561,559.0357163025479,559.2512590975022,39478300
2024-11-06,579.142578125,580.0146771322202,573.6063462638446,577.3396500855225,68182000
2024-11-07,583.6205444335938,584.6396478381987,581.0630972629532,581.1415036340469,47233200
2024-11-08,586.1487426757812,587.5695668763649,584.1693851078007,584.1693851078007,46444900
2024-11-11,586.7072143554688,588.0888053142032,584.9826328704219,587.7360663213191,37586800
2024-11-12,584.884765625,587.2266108281909,582.4056643822421,586.628904135628,43006100
2024-11-13,585.1688232421875,587.1677373847895,582.9837313260188,585.3451927424278,47388600
2024-11-14,581.4061279296875,585.7763718199695,580.7202664359244,585.2962448517161,38904100
2024-11-15,573.9590454101562,578.3194803370213,572.1070761341368,577.8491019104924,75988800
2024-11-18,576.3108520507812,577.6238450144261,573.5574183688442,574.4196493771738,37001700
2024-11-19,578.41748046875,579.142574989824,572.2737337790142,572.9400384688264,49412000
2024-11-20,578.613525390625,578.897666302881,572.8616903884546,578.4959457161364,50032600
2024-11-21,581.7196044921875,583.1404284379229,575.6248397212988,581.4550801704302,46750300
2024-11-22,583.5226440429688,584.1497754660484,581.2101642027249,581.7098478799927,38226400
2024-11-25,585.501953125,588.7648782973704,583.2188384863542,587.4518855330788,42441400
2024-11-26,588.5591430664062,589.2254477201681,586.0310608458545,586.7463470552605,45621300
2024-11-27,586.7758178710938,588.755115442667,585.2570306878304,588.3730114334577,34000200
2024-11-29,590.4208374023438,591.2047216811674,587.314665296655,587.5889978813017,30177400
2024-12-02,591.4791870117188,592.1552999944694,590.3425038316959,590.8324390421951,31746000
2024-12-03,591.7534790039062,591.9984465923378,590.2151351783115,591.2439870884159,26906600
2024-12-04,595.427978515625,595.6729460981672,592.7725681970518,593.438872844782,42787600
2024-12-05,594.4481201171875,596.2314913306755,594.0953811448159,595.4279904670244,28762200
2024-12-06,595.5750122070312,596.8096584526629,594.800936138575,595.212464951605,31241500
2024-12-09,592.5079345703125,595.6239147831491,591.920036343941,595.4573535867661,34742700
2024-12-10,590.6658325195312,593.6054435570935,590.0093361336401,593.184106485161,37234500
2024-12-11,595.2319946289062,596.1824400499527,593.311427437485,593.5858198104879,28677700
2024-12-12,592.1650390625,594.9380289691392,592.1650390625,594.369747252086,31543800
2024-12-13,592.0475463867188,594.9087513561514,590.6757038334936,594.1934650654297,35904700
2024-12-16,594.5755004882812,595.54562235978,593.0273484159295,593.8014244521054,43695200
2024-12-17,592.1258544921875,592.9881452170704,590.7540718346318,592.0278913761272,55773500
2024-12-18,574.4784545898438,594.2031909866316,574.0962907751041,591.822113059209,108248700
2024-12-19,574.3019409179688,581.0630696987981,574.0569733506421,579.456068103567,85919500
2024-12-20,581.2000122070312,585.722562754752,571.1323175828937,571.9778879961826,125716700
2024-12-23,584.6802978515625,585.2800160502417,577.7685966184363,580.9442707021165,57635800
2024-12-24,591.1791381835938,591.2185033240278,585.4472496940897,586.0273454449668,33160100
2024-12-26,591.2184448242188,592.3392110668057,588.0133066034633,589.4093887705021,41219100
2024-12-27,584.9949951171875,587.7183905820746,580.8165297326684,587.4823797773107,64969300
2024-12-30,578.3192749023438,581.7800467977985,574.5734057798932,577.9948725430215,56578800
2024-12-31,576.2152709960938,580.6985158642835,574.583178079053,579.9807622286955,57052700
2025-01-02,574.7994995117188,581.180251846637,570.7291685588775,579.4695486945864,50204000
2025-01-03,581.9864501953125,582.6254735449975,576.5593423217554,577.6408633877121,37888500
2025-01-06,585.3390502929688,589.6060270134918,583.608664526265,586.2337670283534,47679400
2025-01-07,578.722412109375,587.6889029930588,576.9035745975999,587.3644406233403,60393100
2025-01-08,579.5679321289062,580.6396120913392,575.3501612839806,578.7912506935644,47304700
2025-01-10,570.7194213867188,576.0875425144147,568.8120722687759,576.0187135246937,73105000
2025-01-13,571.604248046875,571.9581742427216,565.6658729466735,566.0788468496604,47910100
2025-01-14,572.3907470703125,575.1534475548353,568.6153544470202,574.5242054496483,48420600
2025-01-15,582.8025512695312,583.9430001285099,579.2827918470954,580.3937768602567,56900200
2025-01-16,581.6817016601562,584.34604932179,580.9836305712422,584.1690862304802,43319700
2025-01-17,587.5216674804688,589.2716756656154,585.5847949299089,586.9121079994578,58070600
2025-01-21,592.899658203125,592.9094994878243,588.5933760531964,590.5597127423754,42532900
2025-01-22,596.2326049804688,597.5893820777127,595.1707663809229,595.7213382459036,48196000
2025-01-23,599.48681640625,599.48681640625,595.3280340779654,595.6032899728609,41152100
2025-01-24,597.73681640625,600.4995770008244,596.5865262707722,599.54587252364,34604700
2025-01-27,589.2815551757812,589.5961762199101,584.6311885086425,584.798310310645,70361100
2025-01-28,594.3449096679688,595.1805787054238,587.1972570477369,590.5105293609671,44433300
2025-01-29,591.6804809570312,593.9614384934404,589.1340487911447,593.5583059073574,37177400
2025-01-30,594.8561401367188,596.3898803192325,590.6088457833347,593.7943615542468,39281300
2025-01-31,591.6903686523438,599.6933732210748,590.9333098394596,597.2747575383468,66566900
2025-02-03,587.7085571289062,590.1861005375324,580.5510628181718,582.6943625959686,65857200
2025-02-04,591.651123046875,592.1623298220667,587.2268651385132,587.7675957701897,33457800
2025-02-05,594.0498657226562,594.1973649569587,588.5048426365228,590.5301667443101,30653100
2025-02-06,596.1146240234375,596.242440705887,592.4867305159943,595.7901616750784,35771500
2025-02-07,590.6580810546875,597.8941858585465,589.9501686239648,596.6750666805723,50788500
2025-02-10,594.6693725585938,595.30845601079,592.5949016719809,593.863227291288,26048700
2025-02-11,595.12158203125,595.662312577201,592.2900526181724,592.4080280097315,30056700
2025-02-12,593.2044067382812,594.3743794070193,588.4360645213627,589.1144530437037,45076100
2025-02-13,599.4671630859375,599.6736500230521,593.0471055616473,594.3055297285264,40921300
2025-02-14,599.4376831054688,600.7059485220444,598.8182823186273,599.6736338799176,26910400
2025-02-18,601.197509765625,601.197509765625,598.1398710820379,600.5977915687461,26749000
2025-02-19,602.61328125,602.9082197102092,599.3000091966954,599.8112758662747,31011100
2025-02-20,600.1063232421875,601.3844301402796,596.8028918726411,601.2467721645895,36554000
2025-02-21,589.842041015625,600.0276510429451,589.3799206723878,599.8899930676969,76519800
2025-02-24,587.1580200195312,592.8800672914438,586.4501075695626,591.8870576091449,50737200
2025-02-25,584.2379760742188,587.8265647106925,579.6367551973434,587.0990297013516,58266500
2025-02-26,584.5328369140625,589.488043359785,581.8979531727184,585.8994552001853,43321600
2025-02-27,575.2025756835938,587.9542991571739,574.809344386224,586.8039490929929,74196700
2025-02-28,584.178955078125,584.7098443771037,572.6365684069419,575.7040488167072,88744100
2025-03-03,573.9441528320312,587.2857532860544,570.1392964764723,586.1452445030724,74249200
2025-03-04,567.1504516601562,575.5369060706639,562.6180601948478,569.9525173224438,109648200
2025-03-05,573.24609375,575.035467216836,563.434093538414,566.9833166199888,71230500
2025-03-06,563.0702514648438,570.4046474415857,560.523819558892,565.793586428619,80094900
2025-03-07,566.226318359375,567.6716070865215,556.1095373006934,561.2908538818324,81158800
2025-03-10,551.14453125,559.9536812738498,546.2385307775894,558.0365509948175,99326600
2025-03-11,546.5629272460938,554.5266268117218,542.728606721458,549.9843938775969,88102100
2025-03-12,549.4633178710938,553.6319422779778,544.3705127696392,552.7077615834074,69588200
2025-03-13,542.1386108398438,549.6991769603108,540.4279077137791,549.0896174558009,74079400
2025-03-14,553.3369750976562,554.3398260143258,542.2075022062043,546.7497351697265,62660300
2025-03-17,557.6039428710938,560.1208513978755,552.8846868765244,553.3172833424321,49008700
2025-03-18,551.5771484375,555.5098219909205,549.6501167935029,555.2934937414076,66041400
2025-03-19,557.5842895507812,561.3399999727566,552.1768634471969,553.3566775077279,66556000
2025-03-20,555.9718627929688,560.966374832501,553.1304918485869,553.848245552193,62958200
2025-03-21,556.1552734375,557.0526817242638,550.2878724028328,551.5205297947124,83763000
2025-03-24,566.1151733398438,567.1703352751009,562.2890000340255,562.880651498493,58766800
2025-03-25,567.4760131835938,568.4127846067184,565.73055113845,567.3181993393742,38355700
2025-03-26,560.7013549804688,568.3339598573967,559.3207546377017,567.2097618801449,51848300
2025-03-27,559.2122192382812,562.9792269072261,557.1018956425098,559.3108077400744,42164200
2025-03-28,547.95068359375,558.4135249923543,547.3689030262066,557.6838014665011,71662700
2025-03-31,551.62890625,552.9305994826874,539.282592409213,542.201546342058,95328200
2025-04-01,553.1869506835938,555.1296497708261,545.998115405224,549.7158288612504,54609600
2025-04-02,556.687744140625,559.547472787333,547.1124411566806,547.3491017135567,76014500
2025-04-03,529.2537841796875,540.3673821784607,529.2537841796875,537.5470765410741,125986000
2025-04-04,498.26971435546875,518.574043873056,498.0527654446422,516.4045547647906,217965100
2025-04-07,497.3821716308594,515.9114550791749,475.115432610906,482.40291724281104,256611400
2025-04-08,489.591796875,517.6963548854247,482.3733480760591,514.6196468974629,165816600
2025-04-09,541.0083618164062,541.0083618164062,486.20934082523814,486.5939443539347,241867300
2025-04-10,517.3019409179688,526.0981670837639,502.25365007002944,524.7866027854379,162331200
2025-04-11,526.5321044921875,528.9875485351057,512.8545420601603,515.7537548286505,97866300
2025-04-14,531.6401977539062,536.7286411738348,526.453165817952,536.5017912856171,68034000
2025-04-15,530.151123046875,535.6931457102869,529.3622343758641,532.1825399641931,56892900
2025-04-16,518.366943359375,530.4273047249436,513.0714517926509,524.3034408726064,83484800
2025-04-17,519.1065063476562,523.800475242003,516.6411916080497,520.3194821276195,79868100
2025-04-21,506.7503662109375,514.4618777265953,501.4055507612705,513.9293312369678,69368100
2025-04-22,519.9348754882812,521.9564215250564,511.9867032226325,512.9235348557764,75948100
2025-04-23,527.991455078125,537.8625838932508,526.4728430251603,532.9319549297188,90590700
2025-04-24,539.1051635742188,539.8348871004667,528.0211182344198,529.2734571828396,64150400
2025-04-25,543.0003662109375,543.4046513367819,536.1467793425768,539.0657336001437,61119600
2025-04-28,543.2073974609375,545.8699492792146,537.4583271221219,543.7399439376,47613800
2025-04-29,546.62939453125,547.7437217731817,540.9394280116835,541.2944189414077,47775100
2025-04-30,546.8462524414062,548.7988227140515,534.0069337400583,539.9729835885655,93101500
2025-05-01,550.7216796875,556.2440206119321,550.1201573586014,552.595342895286,63186100
2025-05-02,558.8966674804688,560.4941864598073,554.5774316657111,556.894803218062,60717300
2025-05-05,555.6917724609375,558.7882219920989,553.9068871278389,554.7648117792631,38659200
2025-05-06,551.0471801757812,555.5340413030556,549.2327420958744,550.1892553966732,48264700
2025-05-07,553.3645629882812,555.9975022415719,548.3254139860352,552.3784371058738,55588000
2025-05-08,557.2203369140625,562.3974982446085,553.9069681077176,557.3978323656503,65130800
2025-05-09,556.51025390625,559.6263849147109,554.9521583078488,558.6205173502777,37603400
2025-05-12,574.9014282226562,574.9112991100649,569.0339681065926,573.4024978566466,78993600
2025-05-13,578.6980590820312,580.9069711222367,574.7535560992819,575.3155948085854,67947200
2025-05-14,579.437744140625,580.8084133986617,577.4161378946785,579.6546629482465,66283500
2025-05-15,582.2678833007812,582.770756919371,576.9822030720642,577.4358426248243,71268100
2025-05-16,585.9559936523438,586.2518193704545,581.1042713102905,583.0469103495059,76052100
2025-05-19,586.596923828125,587.2773530559552,579.9405744991373,579.9405744991373,68168500
2025-05-20,584.6246948242188,585.8080578995526,581.419785763877,584.8614155899625,60614500
2025-05-21,574.7733154296875,584.3584902721909,573.7477661832594,580.2759146876367,95197700
2025-05-22,575.0001831054688,578.4811762683786,573.3434386116112,574.5760959985981,70860400
2025-05-23,571.0753173828125,573.7378691727489,567.6140060747297,567.988738706783,76029000
2025-05-27,582.9483642578125,583.1061179228353,570.4048112020747,577.938827709351,72588500
2025-05-28,579.5757446289062,584.545857588394,578.8460211072919,583.3526236048898,68445500
2025-05-29,581.863525390625,584.9698457847473,577.9387639052553,584.8317737253767,69973300
2025-05-30,581.2127685546875,582.9286180198035,575.1480700909575,580.7591289651484,90601200
2025-06-02,584.4866943359375,584.5655410710423,576.9428072484826,579.6053591727813,61630500
2025-06-03,587.81982421875,588.7960792462304,583.6385997733717,584.1218520308094,63606200
2025-06-04,587.6619873046875,589.6539808386906,587.2280895107962,588.6777258495218,57314200
2025-06-05,584.8218994140625,590.6893600195378,582.8496477946317,589.3383724752952,92278700
2025-06-06,590.8275146484375,592.4940699072976,588.5791185976601,590.3541332655441,66588700
2025-06-09,591.3599243164062,592.9081490758875,590.1864321834666,591.3993476813894,53016400
2025-06-10,594.7128295898438,595.0973729509094,590.7781968461302,591.8924637491524,66247000
2025-06-11,593.0166015625,596.6652790904382,590.9556323288738,595.8073544523882,73658200
2025-06-12,595.37353515625,595.37353515625,591.2022416981604,591.6854337777163,64129000
2025-06-13,588.7171020507812,593.4997881009825,587.2181715759101,590.1962907494013,89506000
2025-06-16,594.318359375,596.0638215052488,591.8924679557008,592.0700235861916,79984100
2025-06-17,589.23974609375,593.4011678528512,588.480410008809,591.8825558713082,82209400
2025-06-18,589.1510009765625,592.8785252065284,588.1944276516227,590.1371267775953,76605000
2025-06-20,587.7673950195312,592.8906208578056,586.3629131433069,591.8224395288368,94051400
2025-06-23,593.572998046875,593.9586781700418,585.403509483969,588.5189525073708,87426000
2025-06-24,600.1304321289062,601.1886530620405,596.7973078378046,597.7072691809916,67735300
2025-06-25,600.4666137695312,601.9402753154866,598.9039119654944,601.2479344884113,62114800
2025-06-26,605.1646118164062,605.5997923429508,601.7029677445283,602.3161684365299,78548400
2025-06-27,608.1713256835938,609.6351477759472,604.1360808658505,606.1636033457827,86258400
2025-06-30,611.0790405273438,612.4340220516922,608.2998373553096,610.6142201701539,92502500
2025-07-01,610.8812866210938,612.0483479268365,608.7746241554748,609.6053849111585,70030100
2025-07-02,613.6505737304688,613.6901136433279,609.8526292762224,610.4757300098587,66510400
2025-07-03,618.4869995117188,619.4167005776212,615.6088560521965,615.628656191773,51065800
2025-07-07,613.8780517578125,617.1913758193931,611.0988485499288,616.5286747873084,74814500
2025-07-08,613.5418090820312,615.2923708557059,612.7307881009865,614.5406899285775,59024600
2025-07-09,617.2210083007812,617.8737488887257,614.1055045789822,615.945166968477,66113300
2025-07-10,618.9617309570312,620.0002120765442,616.1825277796053,617.3594891460615,57529000
2025-07-11,616.7858276367188,618.0122289852302,614.7187654701638,615.9154666088177,63670200
2025-07-14,617.9627685546875,618.3089087938923,614.9857451789246,616.3308265898004,51898500
2025-07-15,615.3220825195312,620.9793689858044,615.242942324076,620.6431287961128,74317300
2025-07-16,617.3792114257812,617.8836320494379,611.276844692317,616.9044910111767,88987500
2025-07-17,621.1574096679688,621.5135103761386,617.3397251475282,617.5573456006476,68885700
2025-07-18,620.7024536132812,622.5716954836944,619.5947323692288,622.4035753929759,65621600
2025-07-21,621.87939453125,624.6189973413707,621.4541141003111,621.87939453125,63375000
2025-07-22,621.9683227539062,622.8287836139476,619.3276001270991,622.2056829406386,60046300
2025-07-23,627.2598266601562,627.2598266601562,622.8288811376781,624.6289433239532,70511000
2025-07-24,627.4674682617188,629.1785504969665,627.0421878119985,627.6454884244192,71307100
2025-07-25,630.1181030273438,630.5928838363332,627.8829206987424,628.1301809903662,56865400
2025-07-28,629.9598388671875,631.0477599275997,628.5751571845921,630.4938993278172,54917100
2025-07-29,628.2982788085938,631.6708825055948,627.3883778702398,631.3543820995848,60556300
2025-07-30,627.507080078125,630.6917636576716,624.6190364089183,628.9510415464463,80418900
2025-07-31,625.1531372070312,632.8379457731452,623.8574957354674,632.4522656090571,103385200
2025-08-01,614.9066162109375,619.476041722763,612.5032535330552,619.4364414435403,140103600
2025-08-04,624.2530517578125,624.3024917393647,618.7243458354196,618.813325728958,73218000
2025-08-05,621.0880737304688,625.6772386500149,620.168272806011,624.8662177521945,68051400
2025-08-06,625.8455200195312,626.4982606508958,621.2464542892866,622.1563552914652,64357500
2025-08-07,625.3212890625,629.9994345491891,622.2156852544556,629.2675537310744,74205800
2025-08-08,630.197265625,630.6621463802445,626.794961476664,627.1114619051468,64051600
2025-08-11,628.9509887695312,631.9478122276477,627.7047873460086,630.474150672182,58742300
2025-08-12,635.6468505859375,635.8050706066525,629.8114837326607,631.2950454377703,64730800
2025-08-13,637.82275390625,639.10849531226,635.6369512596368,637.8424936799373,60092800
2025-08-14,637.8821411132812,638.5447818220973,635.300758040457,635.7457782923831,59327500
2025-08-15,636.388671875,639.0096552004113,635.4787708739423,638.9107148606824,68592500
2025-08-18,636.2501220703125,636.942462907598,635.1424008771667,635.814941575414,43804900
2025-08-19,632.7984008789062,637.0512656505922,631.4829592777961,636.0721245937336,69750700
2025-08-20,631.1170654296875,632.6500672159099,626.0136394005863,632.3929672116759,88890300
2025-08-21,628.5850830078125,630.9785456585483,626.864161086776,629.3071240874224,54805800
2025-08-22,638.2380981445312,639.4150594466402,630.2664294390896,630.7708500494616,84083200
2025-08-25,635.42919921875,638.2183023325629,635.3105191174199,636.9820009718095,51274300
2025-08-26,638.0897827148438,638.4359833484747,634.5391586749303,635.1622594491828,51581600
2025-08-27,639.5436401367188,640.2755208793137,637.3578376120881,637.5062179210042,48341100
2025-08-28,641.80859375,642.362454403162,638.2678697444891,640.1470117905141,61519500
2025-08-29,637.98095703125,640.7404203673219,636.0919150690585,640.374419619015,74522200
2025-09-02,633.2533569335938,633.4709169972102,627.9619508913343,630.5136938017484,81983500
2025-09-03,636.685302734375,637.1501834379544,633.4412793439511,635.6270215222661,70820900
2025-09-04,642.0064086914062,642.0361089027498,636.4579021356687,637.3579030521721,65219200
2025-09-05,640.1469116210938,645.062476969223,636.2797877246134,644.3404359625918,85178900
2025-09-08,641.7196044921875,642.7185457406785,640.1371023874503,641.5118841129237,63133100
2025-09-09,643.203125,643.7272854003053,640.1271612550325,641.8579832056892,66133900
2025-09-10,645.0625610351562,647.3768835600082,643.4998590892842,646.4570825189741,78034500
2025-09-11,650.423095703125,651.115436538164,646.4273914384058,647.0108918753651,69934400
2025-09-12,650.2054443359375,651.8868261792371,649.7010841125947,650.393364548417,72780100
2025-09-15,653.6671142578125,653.7956944276398,652.114372883025,652.4110731340584,63772400
2025-09-16,652.7671508789062,654.5276730798186,651.9858301119879,654.2210123755038,61169000
2025-09-17,651.9561767578125,654.4683196962441,647.1296508296768,652.7770978636573,101952200
2025-09-18,655.0023803710938,657.603563340362,653.0341982051615,654.6364399867887,90459200
2025-09-19,658.2465209960938,659.0895125014193,654.9438659954435,656.8877828567474,97945600
2025-09-22,661.3607788085938,661.8070328507519,656.7291073786307,656.7588899327194,69452200
2025-09-23,657.7606201171875,661.8566899635472,656.540685502851,661.2417286303936,81708900
2025-09-24,655.6678466796875,659.1490153831234,654.2496039734066,659.0498612769777,68082200
2025-09-25,652.6429443359375,653.9917550046746,649.0328388399253,652.5338627083877,89622100
2025-09-26,656.3820190429688,656.9274877414105,652.4743904900326,654.0910020825955,69179200
2025-09-29,658.2266845703125,659.8135740530697,656.4216318338509,658.9010899003678,73499000
2025-09-30,660.7061157226562,661.1722852976668,656.173659297658,657.4828203674869,86288000
2025-10-01,662.9574584960938,663.8698820443607,657.6117327913598,657.7208144097488,72545400
2025-10-02,663.7210693359375,665.0600128657511,661.3011766397112,664.9410037342527,56896000
2025-10-03,663.7112426757812,667.1527012490268,662.6698219114437,664.4848020775174,70494400
2025-10-06,666.0914916992188,666.9841207809839,663.9591941673339,666.1014192164715,54623300
2025-10-07,663.6219482421875,667.4601442579947,662.1838505424819,667.0138297258598,72020100
2025-10-08,667.5791625976562,667.6783772359653,663.919480237528,664.7426772273783,60702200
2025-10-09,665.6452026367188,668.4023890582872,663.7112737749407,667.9957845708525,66501900
2025-10-10,647.6542358398438,668.4122493878771,647.4757221413303,666.6071968358344,159422600
2025-10-13,657.5919189453125,659.664772492732,654.3488290056752,655.2216030747315,79560500
2025-10-14,656.78857421875,660.3590300864076,647.8030207789583,651.7701536094826,88779600
2025-10-15,659.7044067382812,664.7228272522149,653.5156893256119,661.3408732132422,81702600
2025-10-16,655.2116088867188,663.2153058553965,651.7105854492366,661.340821247798,110563300
2025-10-17,658.9308471679688,660.2895852935891,652.7322022395391,654.0810128478913,96500900
2025-10-20,665.7840576171875,666.6866142382812,661.7872027532737,661.8367798071084,60493400
2025-10-21,665.7741088867188,667.4601523988813,664.4748753427003,665.9229005771253,56249000
2025-10-22,662.3128051757812,666.4783066993808,657.8497808005621,666.4783066993808,80564000
2025-10-23,666.2402954101562,667.1825015615415,662.3128121266341,662.6301900162397,65604500
2025-10-24,671.6851806640625,672.8951271271609,670.0983517375236,670.9016937183009,74356500
2025-10-27,679.6094970703125,679.9070199177999,676.5151383891614,677.1201116013259,63339800
2025-10-28,681.41455078125,683.2493254549719,679.2028936555786,681.4046232640447,61738100
2025-10-29,681.7418823242188,684.0328991417463,677.2590027977353,683.0609104229828,85657100
2025-10-30,674.2440185546875,680.3037996369978,674.2440185546875,678.2805836148408,76335800
2025-10-31,676.45556640625,679.4507706842933,673.65873085131,679.4110606194914,87164100
2025-11-03,677.7251586914062,680.1649066224819,674.3530715971103,680.0359699637585,57315000
2025-11-04,669.6917114257812,674.3729598389511,669.0371611161902,670.5545580097922,78427000
2025-11-05,672.012451171875,675.2654684624238,668.6304366940664,669.4337786331213,74402400
2025-11-06,664.8021850585938,671.8140994484131,663.2252231578799,670.9115428502156,85035300
2025-11-07,665.4567260742188,665.5658682287408,655.7769731606511,662.4218719882706,100592400
2025-11-10,675.8406982421875,676.5746080726943,669.4833950163819,671.6751969912248,75842900
2025-11-11,677.3878784179688,677.9532020666294,673.1529450781785,674.3629519753922,58953400
2025-11-12,677.7648315429688,679.3318660026857,675.3548055474994,679.1632192686196,62312500
2025-11-13,666.5180053710938,675.265541055433,665.0105359672095,674.9085136071693,103457800
2025-11-14,666.4088745117188,670.1082064558575,657.8200586834998,659.9127066954921,96846700
2025-11-17,660.2003173828125,668.1742931923078,656.7290761218832,664.1972328051172,90456100
2025-11-18,654.65625,659.6548153709225,650.4708935566339,656.6596108350068,114467500
2025-11-19,657.185302734375,661.856623370592,653.3371790986623,655.3505280387882,94703000
2025-11-20,647.1683349609375,670.0090710879778,646.5335791707308,667.3808213360044,165293500
2025-11-21,653.6149291992188,659.0895314498267,645.5020891320908,649.667590792559,123956200
2025-11-24,663.235107421875,664.5541959227929,656.1538219404428,657.2447591605586,80437900
2025-11-25,669.4735107421875,670.6537351639657,659.0200771396823,663.1360016067486,81077100
2025-11-26,674.09521484375,676.0986363282427,671.1595147067713,672.0620713400136,71879600
2025-11-28,677.7747192382812,678.0523870500939,674.9084513312986,675.2654787466182,49212000
2025-12-01,674.6802978515625,677.3779187836101,673.1628406770591,673.232272756968,61201200
2025-12-02,675.9300537109375,678.2012155152329,673.7481184984898,676.316803165018,62953800
2025-12-03,678.2706298828125,679.2822075879724,674.105128319461,674.9779023816353,57238500
2025-12-04,678.7664794921875,679.7384076011712,675.7415530139849,679.6689755171525,61970300
2025-12-05,680.0557861328125,682.7336127271673,678.9549213715281,679.8375623637357,79241000
2025-12-08,678.0127563476562,680.9980334759979,675.9696853695019,680.9484564225444,55231500
2025-12-09,677.4275512695312,679.7582780276033,676.9812972721672,677.5366934232544,58310100
2025-12-10,681.92041015625,683.3088703732143,675.711837383319,676.9515664343469,85671300
2025-12-11,683.5072021484375,683.5865617528303,676.5647198382891,679.51034738166,86173700
2025-12-12,676.1581420898438,683.2196338188487,673.5893968987631,682.5154459360199,113160300
2025-12-15,675.1365356445312,680.1252340287925,673.6687159286942,680.1053789946951,90811000
2025-12-16,673.2918701171875,675.4837328267965,669.4338188610296,673.6488975485244,122030600
2025-12-17,665.8832397460938,674.8489377460819,665.6848710067972,674.3034691132465,110625200
2025-12-18,670.9114990234375,675.1464323222394,669.3544527925658,672.0322187932205,108650100
2025-12-19,676.9923095703125,677.4896664833268,672.8940327515619,673.0134542661981,103599500
2025-12-22,681.2098999023438,681.7370666700199,676.9923229108747,680.3245900087294,69556700
2025-12-23,684.3233032226562,684.562024812114,680.2548972126992,680.3046207584179,64840000
2025-12-24,686.7305297851562,687.1781631452748,684.164151137988,684.313382495532,39445600
2025-12-26,686.660888671875,688.0037280321676,685.6264081645946,686.989161229118,41613300
2025-12-29,684.2138671875,685.5567672531378,682.4433081832867,683.9055083361335,62559500
2025-12-30,683.3783569335938,684.9201512250444,682.9506372729019,683.8160334465714,47160700
2025-12-31,678.3152465820312,683.726492314561,678.1063955310838,683.5076844111845,74144800
